NEXT id =11343,–í–∫–ª,–ù–∞–∑–≤–∞–Ω–∏–µ,–†–æ–¥–∏—Ç–µ–ª—å—Å–∫–∞—è –∫–∞—Ç–µ–≥–æ—Ä–∏—è,–ö–æ—Ä–µ–Ω–µ–∞—è –∫–∞—Ç–µ–≥–æ—Ä–∏—è ? (–í—ã–∫–ª),–û–ø–∏—Å–∞–Ω–∏–µ –Ω–∞ —Å–∞–π—Ç–µ (512 —Å–∏–º–≤–æ–ª–æ–≤),–ó–∞–≥–æ–ª–æ–≤–æ–∫ –¥–ª—è –ø–æ–∏—Å–∫–æ–≤—ã—Ö –º–∞—à–∏–Ω (–ú–ï–¢–ê),–û–ø–∏—Å–∞–Ω–∏–µ –¥–ª—è –ø–æ–∏—Å–∫–æ–≤—ã—Ö –º–∞—à–∏–Ω,–ö–ª—é—á–µ–≤—ã–µ —Å–ª–æ–≤–∞ –¥–ª—è –ø–æ–∏—Å–∫–∞,–∫–æ—Ä–æ—Ç–∫–∏–π URL,URL –∫–∞—Ä—Ç–∏–Ω–∫–∏,ALT –∫–∞—Ä—Ç–∏–Ω–∫–∏,"–ú–∞–≥–∞–∑–∏–Ω—ã (1,2,3)",–ü–æ—Ä—è–¥–æ–∫ —Å—Ç—Ä–æ–∫,URL (–Ω–µ–æ–±—è–∑–∞—Ç–µ–ª—å–Ω–æ),ChatGPT
11036,1,–î–æ–º –∏ –∏–Ω—Ç–µ—Ä—å–µ—Ä,2,0,,,,,,,,,,,
11225,1,landing pages,2,0,,,,,,,,,,,
11245,1,–ö–æ—Å–º–µ—Ç–∏–∫–∞ –∏ —É—Ö–æ–¥ –∑–∞ —Å–æ–±–æ–π,2,0,,,,,,,,,,,
11342,1,Emil Design - –î–∏–∑–∞–π–Ω –º–µ–±–µ–ª–∏ –Ω–∞ –∑–∞–∫–∞–∑,2,0,"Emil Design - –î–∏–∑–∞–π–Ω –º–µ–±–µ–ª–∏ –Ω–∞ –∑–∞–∫–∞–∑

–î–æ–±—Ä–æ –ø–æ–∂–∞–ª–æ–≤–∞—Ç—å –Ω–∞ —Å—Ç—Ä–∞–Ω–∏—Ü—É Emil Design! –ú—ã —Å–ø–µ—Ü–∏–∞–ª–∏–∑–∏—Ä—É–µ–º—Å—è –Ω–∞ —Å–æ–∑–¥–∞–Ω–∏–∏ –º–µ–±–µ–ª–∏ –ø–æ –∏–Ω–¥–∏–≤–∏–¥—É–∞–ª—å–Ω–æ–º—É –∑–∞–∫–∞–∑—É, –∏–¥–µ–∞–ª—å–Ω–æ –ø–æ–¥—Ö–æ–¥—è—â–µ–π –¥–ª—è –≤–∞—à–∏—Ö –ø–æ—Ç—Ä–µ–±–Ω–æ—Å—Ç–µ–π –∏ —Å—Ç–∏–ª—è –∏–Ω—Ç–µ—Ä—å–µ—Ä–∞. –° –∞–∫—Ü–µ–Ω—Ç–æ–º –Ω–∞ –∫–∞—á–µ—Å—Ç–≤–æ, —Ç–æ—á–Ω–æ—Å—Ç—å –∏ –∏–Ω–Ω–æ–≤–∞—Ü–∏–∏, –º—ã –≤–æ–ø–ª–æ—â–∞–µ–º –≤–∞—à–∏ –∏–¥–µ–∏ –≤ —É–Ω–∏–∫–∞–ª—å–Ω–æ–π –∏ —ç—Å—Ç–µ—Ç–∏—á–Ω–æ–π –º–µ–±–µ–ª–∏.

–ß—Ç–æ –º—ã –ø—Ä–µ–¥–ª–∞–≥–∞–µ–º:

üõãÔ∏è –ú–µ–±–µ–ª—å –Ω–∞ –∑–∞–∫–∞–∑: –î–∏–∑–∞–π–Ω –∏ –ø—Ä–æ–∏–∑–≤–æ–¥—Å—Ç–≤–æ —ç–∫—Å–∫–ª—é–∑–∏–≤–Ω–æ–π –º–µ–±–µ–ª–∏, —Å–æ–æ—Ç–≤–µ—Ç—Å—Ç–≤—É—é—â–µ–π –≤–∞—à–µ–º—É —Å—Ç–∏–ª—é –∏ —Ä–∞–∑–º–µ—Ä—É –ø–æ–º–µ—â–µ–Ω–∏—è.
üé® –ö–∞—Ç–∞–ª–æ–≥ –æ–±—Ä–∞–∑—Ü–æ–≤: –®–∏—Ä–æ–∫–∏–π –≤—ã–±–æ—Ä –ø—Ä–∏–º–µ—Ä–æ–≤ –¥–∏–∑–∞–π–Ω–∞ –¥–ª—è –≤–¥–æ—Ö–Ω–æ–≤–µ–Ω–∏—è –∏–ª–∏ —Å–æ–∑–¥–∞–Ω–∏—è —É–Ω–∏–∫–∞–ª—å–Ω–æ–π –º–µ–±–µ–ª–∏ –ø–æ–¥ –∑–∞–∫–∞–∑.
üåü –ò–Ω–¥–∏–≤–∏–¥—É–∞–ª—å–Ω—ã–π –ø–æ–¥—Ö–æ–¥: –ü–æ–ª–Ω–æ–µ —Å–æ–ø—Ä–æ–≤–æ–∂–¥–µ–Ω–∏–µ –Ω–∞ –≤—Å–µ—Ö —ç—Ç–∞–ø–∞—Ö ‚Äì –æ—Ç –ø—Ä–æ–µ–∫—Ç–∏—Ä–æ–≤–∞–Ω–∏—è –¥–æ —É—Å—Ç–∞–Ω–æ–≤–∫–∏, —á—Ç–æ–±—ã –≥–∞—Ä–∞–Ω—Ç–∏—Ä–æ–≤–∞—Ç—å –∏–¥–µ–∞–ª—å–Ω—ã–π —Ä–µ–∑—É–ª—å—Ç–∞—Ç.
üíº –û–ø—ã—Ç –∏ –ø—Ä–æ—Ñ–µ—Å—Å–∏–æ–Ω–∞–ª–∏–∑–º: –ú–Ω–æ–≥–æ–ª–µ—Ç–Ω–∏–π –æ–ø—ã—Ç –≤ –¥–∏–∑–∞–π–Ω–µ –∏ –ø—Ä–æ–∏–∑–≤–æ–¥—Å—Ç–≤–µ –≤—ã—Å–æ–∫–æ–∫–∞—á–µ—Å—Ç–≤–µ–Ω–Ω–æ–π –º–µ–±–µ–ª–∏.
–ò—â–∏—Ç–µ –≤–¥–æ—Ö–Ω–æ–≤–µ–Ω–∏–µ –∏–ª–∏ –ø–ª–∞–Ω–∏—Ä—É–π—Ç–µ –∏–¥–µ–∞–ª—å–Ω—ã–π –º–µ–±–µ–ª—å–Ω—ã–π –ø—Ä–æ–µ–∫—Ç. –î–ª—è –ø–æ–ª—É—á–µ–Ω–∏—è –¥–æ–ø–æ–ª–Ω–∏—Ç–µ–ª—å–Ω–æ–π –∏–Ω—Ñ–æ—Ä–º–∞—Ü–∏–∏ –∏ –æ—Ñ–æ—Ä–º–ª–µ–Ω–∏—è –∑–∞–∫–∞–∑–∞ —Å–≤—è–∂–∏—Ç–µ—Å—å —Å –Ω–∞–º–∏ –ø–æ —Ç–µ–ª–µ—Ñ–æ–Ω—É: 054-258-0101.

Emil Design ‚Äì –ú–µ–±–µ–ª—å, —Å–æ–∑–¥–∞–Ω–Ω–∞—è —Å –¥—É—à–æ–π –∏ –∏–Ω–¥–∏–≤–∏–¥—É–∞–ª—å–Ω–æ—Å—Ç—å—é.",,,,,,,,,,
11163,1,–ù–∞—à–∞ —Ä–∞–±–æ—Ç–∞,2,1,,,,,Our_specialty,,,,,,
11164,1,–ò–∑–≥–æ—Ç–æ–≤–ª–µ–Ω–∏–µ –º–µ–±–µ–ª–∏ –Ω–∞ –∑–∞–∫–∞–∑,11163,0,"–ò–∑–≥–æ—Ç–æ–≤–ª–µ–Ω–∏–µ –º–µ–±–µ–ª–∏ –Ω–∞ –∑–∞–∫–∞–∑:
–ú—ã —Å–ø–µ—Ü–∏–∞–ª–∏–∑–∏—Ä—É–µ–º—Å—è –Ω–∞ –∏–∑–≥–æ—Ç–æ–≤–ª–µ–Ω–∏–∏ –º–µ–±–µ–ª–∏ –Ω–∞ –∑–∞–∫–∞–∑, —á—Ç–æ–±—ã —Å–æ–∑–¥–∞—Ç—å —É–Ω–∏–∫–∞–ª—å–Ω—ã–µ –∏ —Ñ—É–Ω–∫—Ü–∏–æ–Ω–∞–ª—å–Ω—ã–µ –ø—Ä–µ–¥–º–µ—Ç—ã –¥–ª—è –≤–∞—à–µ–≥–æ –¥–æ–º–∞ –∏–ª–∏ –æ—Ñ–∏—Å–∞. –ù–∞—à–∞ –∫–æ–º–∞–Ω–¥–∞ –æ–ø—ã—Ç–Ω—ã—Ö –º–µ–±–µ–ª—å–Ω—ã—Ö –º–∞—Å—Ç–µ—Ä–æ–≤ —Ä–∞–±–æ—Ç–∞–µ—Ç —Å –≤–∞–º–∏, —á—Ç–æ–±—ã –ø–æ–Ω—è—Ç—å –≤–∞—à–∏ –ø–æ—Ç—Ä–µ–±–Ω–æ—Å—Ç–∏ –∏ –ø—Ä–µ–¥–ø–æ—á—Ç–µ–Ω–∏—è, –∏ —Å–æ–∑–¥–∞—Ç—å –∏–Ω–¥–∏–≤–∏–¥—É–∞–ª—å–Ω—ã–π –¥–∏–∑–∞–π–Ω, —Å–æ–æ—Ç–≤–µ—Ç—Å—Ç–≤—É—é—â–∏–π –≤–∞—à–µ–º—É —Å—Ç–∏–ª—é –∏ —Ç—Ä–µ–±–æ–≤–∞–Ω–∏—è–º. –ú—ã –∏—Å–ø–æ–ª—å–∑—É–µ–º —Ç–æ–ª—å–∫–æ –≤—ã—Å–æ–∫–æ–∫–∞—á–µ—Å—Ç–≤–µ–Ω–Ω—ã–µ –º–∞—Ç–µ—Ä–∏–∞–ª—ã –∏ –ø—Ä–æ—Ñ–µ—Å—Å–∏–æ–Ω–∞–ª—å–Ω—ã–µ –º–µ—Ç–æ–¥—ã –∏–∑–≥–æ—Ç–æ–≤–ª–µ–Ω–∏—è, —á—Ç–æ–±—ã –æ–±–µ—Å–ø–µ—á–∏—Ç—å –¥–æ–ª–≥–æ–≤–µ—á–Ω–æ—Å—Ç—å –∏ –∫—Ä–∞—Å–æ—Ç—É –≤–∞—à–µ–π –º–µ–±–µ–ª–∏ –Ω–∞ –ø—Ä–æ—Ç—è–∂–µ–Ω–∏–∏ –º–Ω–æ–≥–∏—Ö –ª–µ—Ç.",,,,Making_furniture_to_order,,,,,,
11190,1,–ê–∫–∫—É—Ä–∞—Ç–Ω–∞—è –¥–æ—Å—Ç–∞–≤–∫–∞ —Å –≥–∞—Ä–∞–Ω—Ç–∏–µ–π,11163,,"–ê–∫–∫—É—Ä–∞—Ç–Ω–∞—è –¥–æ—Å—Ç–∞–≤–∫–∞ —Å –≥–∞—Ä–∞–Ω—Ç–∏–µ–π:
–ú—ã –ø–æ–Ω–∏–º–∞–µ–º, —á—Ç–æ –¥–æ—Å—Ç–∞–≤–∫–∞ –º–µ–±–µ–ª–∏ –º–æ–∂–µ—Ç –±—ã—Ç—å —Å–ª–æ–∂–Ω—ã–º –∏ –æ—Ç–≤–µ—Ç—Å—Ç–≤–µ–Ω–Ω—ã–º –ø—Ä–æ—Ü–µ—Å—Å–æ–º. –ü–æ—ç—Ç–æ–º—É –º—ã –ø—Ä–µ–¥–ª–∞–≥–∞–µ–º –∞–∫–∫—É—Ä–∞—Ç–Ω—É—é –¥–æ—Å—Ç–∞–≤–∫—É —Å –≥–∞—Ä–∞–Ω—Ç–∏–µ–π, —á—Ç–æ–±—ã –≤–∞—à–∞ –º–µ–±–µ–ª—å –±—ã–ª–∞ –¥–æ—Å—Ç–∞–≤–ª–µ–Ω–∞ –≤ —Ü–µ–ª–æ—Å—Ç–∏ –∏ —Å–æ—Ö—Ä–∞–Ω–Ω–æ—Å—Ç–∏. –ù–∞—à–∞ –∫–æ–º–∞–Ω–¥–∞ –ø—Ä–æ—Ñ–µ—Å—Å–∏–æ–Ω–∞–ª—å–Ω—ã—Ö –¥–æ—Å—Ç–∞–≤—â–∏–∫–æ–≤ –æ–±–µ—Å–ø–µ—á–∏—Ç –±–µ—Ä–µ–∂–Ω—É—é –æ–±—Ä–∞–±–æ—Ç–∫—É –∏ —É–ø–∞–∫–æ–≤–∫—É –≤–∞—à–µ–π –º–µ–±–µ–ª–∏, –∞ —Ç–∞–∫–∂–µ —Ç–æ—á–Ω—É—é –∏ —Å–≤–æ–µ–≤—Ä–µ–º–µ–Ω–Ω—É—é –¥–æ—Å—Ç–∞–≤–∫—É –¥–æ –≤–∞—à–µ–≥–æ –¥–æ–º–∞ –∏–ª–∏ –æ—Ñ–∏—Å–∞. –ú—ã –≥–∞—Ä–∞–Ω—Ç–∏—Ä—É–µ–º, —á—Ç–æ –≤–∞—à–∞ –º–µ–±–µ–ª—å –±—É–¥–µ—Ç –¥–æ—Å—Ç–∞–≤–ª–µ–Ω–∞ –≤ –æ—Ç–ª–∏—á–Ω–æ–º —Å–æ—Å—Ç–æ—è–Ω–∏–∏, —á—Ç–æ–±—ã –≤—ã –º–æ–≥–ª–∏ –Ω–∞—Å–ª–∞–∂–¥–∞—Ç—å—Å—è –µ—é —Å—Ä–∞–∑—É –∂–µ.",,,,Careful_delivery_with_guarantee,,,,,,
11165,1,–°–±–æ—Ä–∫–∞ –ø–æ –∏–Ω–¥–∏–≤–∏–¥—É–∞–ª—å–Ω—ã–º –ø—Ä–æ–µ–∫—Ç–∞–º,11163,0,"–°–±–æ—Ä–∫–∞ –ø–æ –∏–Ω–¥–∏–≤–∏–¥—É–∞–ª—å–Ω—ã–º –ø—Ä–æ–µ–∫—Ç–∞–º:
–£ –Ω–∞—Å –≤—ã –º–æ–∂–µ—Ç–µ –∑–∞–∫–∞–∑–∞—Ç—å —Å–±–æ—Ä–∫—É –º–µ–±–µ–ª–∏ –ø–æ –∏–Ω–¥–∏–≤–∏–¥—É–∞–ª—å–Ω—ã–º –ø—Ä–æ–µ–∫—Ç–∞–º, —á—Ç–æ–±—ã —Å–æ–∑–¥–∞—Ç—å –∏–¥–µ–∞–ª—å–Ω–æ–µ –ø—Ä–æ—Å—Ç—Ä–∞–Ω—Å—Ç–≤–æ, –æ—Ç–≤–µ—á–∞—é—â–µ–µ –≤–∞—à–∏–º –ø–æ—Ç—Ä–µ–±–Ω–æ—Å—Ç—è–º. –ù–µ–∑–∞–≤–∏—Å–∏–º–æ –æ—Ç —Ç–æ–≥–æ, –Ω—É–∂–Ω–∞ –ª–∏ –≤–∞–º —Å–±–æ—Ä–∫–∞ –∫—Ä—É–ø–Ω—ã—Ö –ø—Ä–µ–¥–º–µ—Ç–æ–≤ –º–µ–±–µ–ª–∏ –∏–ª–∏ –∫–æ–º–ø–ª–µ–∫—Å–Ω–∞—è —É—Å—Ç–∞–Ω–æ–≤–∫–∞ –∏ –Ω–∞—Å—Ç—Ä–æ–π–∫–∞, –Ω–∞—à–∞ –æ–ø—ã—Ç–Ω–∞—è –∫–æ–º–∞–Ω–¥–∞ —Å–¥–µ–ª–∞–µ—Ç –≤—Å–µ –≤–æ–∑–º–æ–∂–Ω–æ–µ, —á—Ç–æ–±—ã —Ä–µ–∞–ª–∏–∑–æ–≤–∞—Ç—å –≤–∞—à—É –∑–∞–¥—É–º–∫—É. –ú—ã –æ–±–µ—Å–ø–µ—á–∏–º –≤—ã—Å–æ–∫–æ–µ –∫–∞—á–µ—Å—Ç–≤–æ —Å–±–æ—Ä–∫–∏ –∏ –ø—Ä–∏—Å—Ç–∞–ª—å–Ω–æ–µ –≤–Ω–∏–º–∞–Ω–∏–µ –∫ –∫–∞–∂–¥–æ–π –¥–µ—Ç–∞–ª–∏, —á—Ç–æ–±—ã –≤–∞—à–∞ –º–µ–±–µ–ª—å –±—ã–ª–∞ —É—Å—Ç–∞–Ω–æ–≤–ª–µ–Ω–∞ –ø—Ä–∞–≤–∏–ª—å–Ω–æ –∏ –≤—ã–≥–ª—è–¥–µ–ª–∞ –±–µ–∑—É–ø—Ä–µ—á–Ω–æ.",,,,Assembly_according_to_individual_projects,,,,,,
11166,1,–†–µ–º–æ–Ω—Ç –∏ –æ–±–Ω–æ–≤–ª–µ–Ω–∏–µ –º–µ–±–µ–ª–∏,11163,0,"–†–µ–º–æ–Ω—Ç –∏ –æ–±–Ω–æ–≤–ª–µ–Ω–∏–µ –º–µ–±–µ–ª–∏:
–ï—Å–ª–∏ –≤–∞—à–∞ –º–µ–±–µ–ª—å —Ç—Ä–µ–±—É–µ—Ç —Ä–µ–º–æ–Ω—Ç–∞ –∏–ª–∏ –æ–±–Ω–æ–≤–ª–µ–Ω–∏—è, –º—ã –ø—Ä–µ–¥–ª–∞–≥–∞–µ–º –ø—Ä–æ—Ñ–µ—Å—Å–∏–æ–Ω–∞–ª—å–Ω—ã–µ —É—Å–ª—É–≥–∏ –ø–æ —Ä–µ–º–æ–Ω—Ç—É –∏ –≤–æ—Å—Å—Ç–∞–Ω–æ–≤–ª–µ–Ω–∏—é. –ù–∞—à–∞ –∫–æ–º–∞–Ω–¥–∞ –æ–ø—ã—Ç–Ω—ã—Ö —Ä–µ–º–æ–Ω—Ç–Ω–∏–∫–æ–≤ –æ–±–ª–∞–¥–∞–µ—Ç —à–∏—Ä–æ–∫–∏–º —Å–ø–µ–∫—Ç—Ä–æ–º –Ω–∞–≤—ã–∫–æ–≤ –∏ –∑–Ω–∞–Ω–∏–π, —á—Ç–æ–±—ã –≤–µ—Ä–Ω—É—Ç—å –≤–∞—à–µ–π –º–µ–±–µ–ª–∏ –±—ã–≤—à—É—é –∫—Ä–∞—Å–æ—Ç—É –∏ —Ñ—É–Ω–∫—Ü–∏–æ–Ω–∞–ª—å–Ω–æ—Å—Ç—å. –ú—ã –∏—Å–ø–æ–ª—å–∑—É–µ–º –≤—ã—Å–æ–∫–æ–∫–∞—á–µ—Å—Ç–≤–µ–Ω–Ω—ã–µ –º–∞—Ç–µ—Ä–∏–∞–ª—ã –∏ –∏–Ω—Å—Ç—Ä—É–º–µ–Ω—Ç—ã, —á—Ç–æ–±—ã –≤—ã–ø–æ–ª–Ω–∏—Ç—å —Ä–µ–º–æ–Ω—Ç–Ω—ã–µ —Ä–∞–±–æ—Ç—ã —Ç–æ—á–Ω–æ –∏ —ç—Ñ—Ñ–µ–∫—Ç–∏–≤–Ω–æ. –ü–æ–≤–µ—Ä—å—Ç–µ –Ω–∞–º —Å–≤–æ—é –º–µ–±–µ–ª—å, –∏ –º—ã –ø—Ä–µ–≤—Ä–∞—Ç–∏–º –µ–µ –≤–Ω–æ–≤—å –≤ –∏—Å—Ç–æ—á–Ω–∏–∫ –≥–æ—Ä–¥–æ—Å—Ç–∏ –∏ —Ä–∞–¥–æ—Å—Ç–∏.",,,,Furniture_repair_and_refurbishment,,,,,,
11167,1,"–ú–µ–±–µ–ª—å, –∏–∑–≥–æ—Ç–æ–≤–ª–µ–Ω–Ω–∞—è –Ω–∞–º–∏",11163,0,"–ú–µ–±–µ–ª—å, –∏–∑–≥–æ—Ç–æ–≤–ª–µ–Ω–Ω–∞—è –Ω–∞–º–∏:
–ú—ã –≥–æ—Ä–¥–∏–º—Å—è —Ç–µ–º, —á—Ç–æ –ø—Ä–µ–¥–ª–∞–≥–∞–µ–º –º–µ–±–µ–ª—å, –∏–∑–≥–æ—Ç–æ–≤–ª–µ–Ω–Ω—É—é –Ω–∞–º–∏, –≤—ã—Å–æ–∫–æ–≥–æ –∫–∞—á–µ—Å—Ç–≤–∞ –∏ —Å –ø—Ä–µ–∫—Ä–∞—Å–Ω—ã–º –¥–∏–∑–∞–π–Ω–æ–º. –ù–∞—à–∞ –∫–æ–º–∞–Ω–¥–∞ —Ç–∞–ª–∞–Ω—Ç–ª–∏–≤—ã—Ö –¥–∏–∑–∞–π–Ω–µ—Ä–æ–≤ –∏ –æ–ø—ã—Ç–Ω—ã—Ö –º–∞—Å—Ç–µ—Ä–æ–≤ —Å–æ–∑–¥–∞–µ—Ç —É–Ω–∏–∫–∞–ª—å–Ω—ã–µ –∏ —ç—Å—Ç–µ—Ç–∏—á–µ—Å–∫–∏ –ø—Ä–∏–≤–ª–µ–∫–∞—Ç–µ–ª—å–Ω—ã–µ –ø—Ä–µ–¥–º–µ—Ç—ã –º–µ–±–µ–ª–∏, –∫–æ—Ç–æ—Ä—ã–µ –æ—Ç—Ä–∞–∂–∞—é—Ç –≤–∞—à —Å—Ç–∏–ª—å –∏ –∏–Ω–¥–∏–≤–∏–¥—É–∞–ª—å–Ω–æ—Å—Ç—å. –ú—ã –∏—Å–ø–æ–ª—å–∑—É–µ–º —Ç–æ–ª—å–∫–æ –ª—É—á—à–∏–µ –º–∞—Ç–µ—Ä–∏–∞–ª—ã –∏ –ø–µ—Ä–µ–¥–æ–≤—ã–µ —Ç–µ—Ö–Ω–æ–ª–æ–≥–∏–∏, —á—Ç–æ–±—ã –æ–±–µ—Å–ø–µ—á–∏—Ç—å –¥–æ–ª–≥–æ–≤–µ—á–Ω–æ—Å—Ç—å –∏ –∫—Ä–∞—Å–æ—Ç—É –Ω–∞—à–µ–π –º–µ–±–µ–ª–∏. –ü–æ–≤–µ—Ä—å—Ç–µ –Ω–∞–º —Å–≤–æ–∏ –ø–æ—Ç—Ä–µ–±–Ω–æ—Å—Ç–∏ –≤ –º–µ–±–µ–ª–∏, –∏ –º—ã —Å —É–¥–æ–≤–æ–ª—å—Å—Ç–≤–∏–µ–º —Å–æ–∑–¥–∞–¥–∏–º –¥–ª—è –≤–∞—Å –∏–¥–µ–∞–ª—å–Ω—ã–µ –ø—Ä–µ–¥–º–µ—Ç—ã, –∫–æ—Ç–æ—Ä—ã–µ —Å–¥–µ–ª–∞—é—Ç –≤–∞—à –¥–æ–º –µ—â–µ —É—é—Ç–Ω–µ–µ –∏ —Å—Ç–∏–ª—å–Ω–µ–µ.",,,,Furniture_made_by_us,,,,,,
11037,1,–ú–µ–±–µ–ª—å,11036,0,"–ò–Ω–¥–∏–≤–∏–¥—É–∞–ª—å–Ω–æ—Å—Ç—å, —É–¥–æ–±—Å—Ç–≤–æ –∏ –∫—Ä–∞—Å–æ—Ç–∞ –≤ –∫–∞–∂–¥–æ–π –º–æ–¥–µ–ª–∏",,,,furniture,,,,,,
11039,1,–ö–æ–≤—Ä—ã,11036,0,,,,,carptes,,,,,,
11040,1,–ú–∞—Ç—Ä–∞—Å—ã,11036,0,–ü—Ä–µ–¥–æ—Å—Ç–∞–≤—å—Ç–µ —Å–≤–æ–µ–º—É —Ç–µ–ª—É –∑–∞—Å–ª—É–∂–µ–Ω–Ω—ã–π –∫–æ–º—Ñ–æ—Ä—Ç - –∏–Ω–¥–∏–≤–∏–¥—É–∞–ª—å–Ω–æ –ø–æ–¥–æ–±—Ä–∞–Ω–Ω—ã–µ –º–∞—Ç—Ä–∞—Å—ã –¥–ª—è –≤–∞—à–µ–≥–æ —Ç–∏–ø–∞ —Å–Ω–∞,"–í–∞—à —Å–æ–Ω, –≤–∞—à –≤—ã–±–æ—Ä - –∫–∞—á–µ—Å—Ç–≤–µ–Ω–Ω—ã–µ –º–∞—Ç—Ä–∞—Å—ã –¥–ª—è –∏–¥–µ–∞–ª—å–Ω–æ–≥–æ —Å–Ω–∞","–£ –Ω–∞—Å –≤—ã –Ω–∞–π–¥–µ—Ç–µ –∏–Ω–¥–∏–≤–∏–¥—É–∞–ª—å–Ω—ã–µ –º–∞—Ç—Ä–∞—Å—ã, –æ–±–µ—Å–ø–µ—á–∏–≤–∞—é—â–∏–µ –∫–æ–º—Ñ–æ—Ä—Ç–Ω—ã–π —Å–æ–Ω –∏ –ø–æ–¥–¥–µ—Ä–∂–∫—É —Ç–µ–ª–∞. –†–∞–∑–Ω–æ–æ–±—Ä–∞–∑–∏–µ —Ä–∞–∑–º–µ—Ä–æ–≤ –∏ —Ç–µ—Ö–Ω–æ–ª–æ–≥–∏–π –ø–æ–∑–≤–æ–ª–∏—Ç –≤—ã–±—Ä–∞—Ç—å –∏–¥–µ–∞–ª—å–Ω—ã–π –º–∞—Ç—Ä–∞—Å –¥–ª—è –≤–∞—Å. –ù–∞—à–∏ –º–∞—Ç—Ä–∞—Å—ã –∏–∑–≥–æ—Ç–æ–≤–ª–µ–Ω—ã –∏–∑ –ø—Ä–æ—á–Ω—ã—Ö –º–∞—Ç–µ—Ä–∏–∞–ª–æ–≤ –∏ –æ—Ç–ª–∏—á–∞—é—Ç—Å—è –¥–æ–ª–≥–æ–≤–µ—á–Ω–æ—Å—Ç—å—é. –°—Ä–∞–≤–Ω–∏—Ç–µ –ª—É—á—à–∏–µ –º–æ–¥–µ–ª–∏ –∏ –Ω–∞—Å–ª–∞–∂–¥–∞–π—Ç–µ—Å—å –≤—ã—Å–æ–∫–æ–∫–∞—á–µ—Å—Ç–≤–µ–Ω–Ω—ã–º —Å–Ω–æ–º –∫–∞–∂–¥—É—é –Ω–æ—á—å. –°–æ–∑–¥–∞–π—Ç–µ —É—é—Ç–Ω—É—é –∞—Ç–º–æ—Å—Ñ–µ—Ä—É –¥–ª—è –ø–æ–ª–Ω–æ—Ü–µ–Ω–Ω–æ–≥–æ –æ—Ç–¥—ã—Ö–∞.","–º–∞—Ç—Ä–∞—Å—ã, –º–∞–≥–∞–∑–∏–Ω –º–∞—Ç—Ä–∞—Å–æ–≤, –∫–∞—á–µ—Å—Ç–≤–µ–Ω–Ω—ã–µ –º–∞—Ç—Ä–∞—Å—ã, –∏–Ω–¥–∏–≤–∏–¥—É–∞–ª—å–Ω—ã–µ –º–∞—Ç—Ä–∞—Å—ã, –∫–æ–º—Ñ–æ—Ä—Ç–Ω—ã–π —Å–æ–Ω, –ø–æ–¥–¥–µ—Ä–∂–∫–∞ —Ç–µ–ª–∞, –≤—ã–±–æ—Ä –º–∞—Ç—Ä–∞—Å–∞, —Ä–∞–∑–º–µ—Ä—ã –º–∞—Ç—Ä–∞—Å–æ–≤, —Ç–µ—Ö–Ω–æ–ª–æ–≥–∏–∏ –º–∞—Ç—Ä–∞—Å–æ–≤, –º–∞—Ç–µ—Ä–∏–∞–ª—ã –º–∞—Ç—Ä–∞—Å–æ–≤, –¥–æ–ª–≥–æ–≤–µ—á–Ω–æ—Å—Ç—å –º–∞—Ç—Ä–∞—Å–æ–≤, —Å—Ä–∞–≤–Ω–µ–Ω–∏–µ –º–∞—Ç—Ä–∞—Å–æ–≤, —Å–æ–Ω –≤—ã—Å–æ–∫–æ–≥–æ –∫–∞—á–µ—Å—Ç–≤–∞",mattresses,,,,,,
11041,1,–¢–µ–∫—Å—Ç–∏–ª—å,11036,0,,,,,textile,,,,,,
11042,1,–í–¥–æ—Ö–Ω–æ–≤–µ–Ω–∏–µ –¥–ª—è –¥–æ–º–∞,11036,0,,,,,accessories,,,,,,
11206,1,Art Deko,11036,0,,,,,,,,,,,
11235,1,–î–æ–º–∞—à–Ω–µ–µ –æ—Å–≤–µ—â–µ–Ω–∏–µ –∏ —ç–ª–µ–∫—Ç—Ä–∏—á–µ—Å—Ç–≤–æ,11036,0,"–î–∞–Ω–Ω–∞—è –∫–∞—Ç–µ–≥–æ—Ä–∏—è –≤–∫–ª—é—á–∞–µ—Ç –≤ —Å–µ–±—è –∏–Ω—Ñ–æ—Ä–º–∞—Ü–∏—é –∏ —Ä–µ—Å—É—Ä—Å—ã, —Å–≤—è–∑–∞–Ω–Ω—ã–µ —Å –¥–æ–º–∞—à–Ω–∏–º –æ—Å–≤–µ—â–µ–Ω–∏–µ–º –∏ —ç–ª–µ–∫—Ç—Ä–∏—á–µ—Å—Ç–≤–æ–º. –ó–¥–µ—Å—å –≤—ã –Ω–∞–π–¥–µ—Ç–µ —Å–æ–≤–µ—Ç—ã –ø–æ –≤—ã–±–æ—Ä—É —ç–Ω–µ—Ä–≥–æ—ç—Ñ—Ñ–µ–∫—Ç–∏–≤–Ω—ã—Ö –ª–∞–º–ø–æ—á–µ–∫, –∏–Ω—Ñ–æ—Ä–º–∞—Ü–∏—é –æ –ø—Ä–∞–≤–∏–ª—å–Ω–æ–π —É—Å—Ç–∞–Ω–æ–≤–∫–µ –∏ –æ–±—Å–ª—É–∂–∏–≤–∞–Ω–∏–∏ —ç–ª–µ–∫—Ç—Ä–æ–æ–±–æ—Ä—É–¥–æ–≤–∞–Ω–∏—è –≤ –¥–æ–º–µ, –∞ —Ç–∞–∫–∂–µ –ø—Ä–∞–∫—Ç–∏—á–µ—Å–∫–∏–µ —Ä–µ–∫–æ–º–µ–Ω–¥–∞—Ü–∏–∏ –ø–æ —ç–Ω–µ—Ä–≥–æ—Å–±–µ—Ä–µ–∂–µ–Ω–∏—é –∏ –±–µ–∑–æ–ø–∞—Å–Ω–æ—Å—Ç–∏.",,,,,,,,,,
11223,1,–ë—ã—Ç–æ–≤–∞—è —Ç–µ—Ö–Ω–∏–∫–∞,11036,0,,,,,,,,,,,
11044,1,–ú–µ–±–µ–ª—å –¥–ª—è –¥–æ–º–∞,11037,,–°–æ–∑–¥–∞–µ–º —É—é—Ç–Ω–æ–µ –ø—Ä–æ—Å—Ç—Ä–∞–Ω—Å—Ç–≤–æ –¥–ª—è –≤—Å–µ–π —Å–µ–º—å–∏,–°–¥–µ–ª–∞–π—Ç–µ —Å–≤–æ–π –¥–æ–º —É—é—Ç–Ω—ã–º –∏ —Å—Ç–∏–ª—å–Ω—ã–º —Å –Ω–∞—à–µ–π –º–µ–±–µ–ª—å—é,"–û—Ç–∫—Ä–æ–π—Ç–µ –¥–ª—è —Å–µ–±—è –ø–æ—Å–ª–µ–¥–Ω–∏–µ —Ç–µ–Ω–¥–µ–Ω—Ü–∏–∏ –∏ –∏–¥–µ–∏ –¥–∏–∑–∞–π–Ω–∞ –º–µ–±–µ–ª–∏. –°—Ç–∏–ª–∏, –º–∞—Ç–µ—Ä–∏–∞–ª—ã –∏ —Ñ—É–Ω–∫—Ü–∏–æ–Ω–∞–ª—å–Ω—ã–µ –≤–æ–∑–º–æ–∂–Ω–æ—Å—Ç–∏ –¥–∏–≤–∞–Ω–æ–≤, –∫—Ä–µ—Å–µ–ª, –∂—É—Ä–Ω–∞–ª—å–Ω—ã—Ö —Å—Ç–æ–ª–æ–≤, —Ä–∞–∑–≤–ª–µ–∫–∞—Ç–µ–ª—å–Ω—ã—Ö —Ü–µ–Ω—Ç—Ä–æ–≤ –∏ –∫–Ω–∏–∂–Ω—ã—Ö –ø–æ–ª–æ–∫. –£—Å–æ–≤–µ—Ä—à–µ–Ω—Å—Ç–≤—É–π—Ç–µ —Å–≤–æ–µ –∂–∏–ª–æ–µ –ø—Ä–æ—Å—Ç—Ä–∞–Ω—Å—Ç–≤–æ —Å –ø–æ–º–æ—â—å—é –Ω–∞—à–∏—Ö —ç–∫—Å–ø–µ—Ä—Ç–Ω—ã—Ö —Å–æ–≤–µ—Ç–æ–≤ –∏ —Ä–µ–∫–æ–º–µ–Ω–¥–∞—Ü–∏–π. –°–º–æ—Ç—Ä–∏—Ç–µ –Ω–∞—à–∏ –ø—Ä–µ–¥–ª–æ–∂–µ–Ω–∏—è –∏ —Ä–µ–∫–æ–º–µ–Ω–¥–∞—Ü–∏–∏ –ø—Ä—è–º–æ —Å–µ–π—á–∞—Å!","–ñ–∏–ª–∞—è –º–µ–±–µ–ª—å,–ú–µ–±–µ–ª—å –¥–ª—è –≥–æ—Å—Ç–∏–Ω–æ–π,–ú–µ–±–µ–ª—å –¥–ª—è —Å–ø–∞–ª—å–Ω–∏,—Å—Ç–æ–ª–æ–≤–æ–π,–æ—Ç–∫—Ä—ã—Ç—ã—Ö –ø—Ä–æ—Å—Ç—Ä–∞–Ω—Å—Ç–≤, –î–∏–≤–∞–Ω—ã –∏ –∫—É—à–µ—Ç–∫–∏,–ö—Ä–µ—Å–ª–∞, –ñ—É—Ä–Ω–∞–ª—å–Ω—ã–µ —Å—Ç–æ–ª–∏–∫–∏, –ö–Ω–∏–∂–Ω—ã–µ –ø–æ–ª–∫–∏, —Ç–µ–ª–µ–≤–∏–∑–∏–æ–Ω–Ω—ã–µ —Å—Ç–µ–Ω–¥—ã, –ö—Ä–æ–≤–∞—Ç–∏, –ö–æ–º–æ–¥—ã,—Å—É–Ω–¥—É–∫–∏, –¢—É–º–±–æ—á–∫–∏, –û–±–µ–¥–µ–Ω–Ω—ã–µ —Å—Ç–æ–ª—ã –∏ —Å—Ç—É–ª—å—è, –ë–∞—Ä–Ω—ã–µ —Å—Ç—É–ª—å—è, –ü–∞—Ç–∏–æ-–º–µ–±–µ–ª—å",living_space_furniture,,,,,,
11045,1,–ú–µ–±–µ–ª—å –¥–ª—è –æ—Ñ–∏—Å–∞,11037,,–°–æ–∑–¥–∞–π—Ç–µ —ç—Ñ—Ñ–µ–∫—Ç–∏–≤–Ω–æ–µ —Ä–∞–±–æ—á–µ–µ –ø—Ä–æ—Å—Ç—Ä–∞–Ω—Å—Ç–≤–æ —Å –Ω–∞—à–µ–π –æ—Ñ–∏—Å–Ω–æ–π –º–µ–±–µ–ª—å—é,"–ú–µ–±–µ–ª—å, —Å–æ–∑–¥–∞–Ω–Ω–∞—è –¥–ª—è —É—Å–ø–µ—Ö–∞ –∏ —É–¥–æ–≤–æ–ª—å—Å—Ç–≤–∏—è –≤ —Ä–∞–±–æ—á–µ–π —Å—Ä–µ–¥–µ","–û–±–µ—Å–ø–µ—á—å—Ç–µ –∫–æ–º—Ñ–æ—Ä—Ç –∏ –ø—Ä–æ–∏–∑–≤–æ–¥–∏—Ç–µ–ª—å–Ω–æ—Å—Ç—å –≤ —Å–≤–æ–µ–º —Ä–∞–±–æ—á–µ–º –ø—Ä–æ—Å—Ç—Ä–∞–Ω—Å—Ç–≤–µ —Å –Ω–∞—à–µ–π –∫–∞—á–µ—Å—Ç–≤–µ–Ω–Ω–æ–π –æ—Ñ–∏—Å–Ω–æ–π –º–µ–±–µ–ª—å—é. –ú—ã –ø—Ä–µ–¥–ª–∞–≥–∞–µ–º —Å—Ç–∏–ª—å–Ω—ã–µ –∏ —Ñ—É–Ω–∫—Ü–∏–æ–Ω–∞–ª—å–Ω—ã–µ —Ä–µ—à–µ–Ω–∏—è, –∫–æ—Ç–æ—Ä—ã–µ —Å–æ–æ—Ç–≤–µ—Ç—Å—Ç–≤—É—é—Ç –≤–∞—à–∏–º –ø–æ—Ç—Ä–µ–±–Ω–æ—Å—Ç—è–º","–æ—Ñ–∏—Å–Ω–∞—è –º–µ–±–µ–ª—å, –∫–æ–º—Ñ–æ—Ä—Ç, –ø—Ä–æ–∏–∑–≤–æ–¥–∏—Ç–µ–ª—å–Ω–æ—Å—Ç—å, —Å—Ç–∏–ª—å–Ω–∞—è, —Ñ—É–Ω–∫—Ü–∏–æ–Ω–∞–ª—å–Ω–∞—è, —Ä–∞–±–æ—á–µ–µ–ø—Ä–æ—Å—Ç—Ä–∞–Ω—Å—Ç–≤–æ, —ç—Ä–≥–æ–Ω–æ–º–∏–∫–∞, —Å–æ–≤—Ä–µ–º–µ–Ω–Ω—ã–π –¥–∏–∑–∞–π–Ω, —ç—Ñ—Ñ–µ–∫—Ç–∏–≤–Ω–æ—Å—Ç—å, –Ω–∞–¥–µ–∂–Ω–∞—è




",work_space_furniture,,,,,,
10965,1,–ñ–∏–ª–æ–µ –ø—Ä–æ—Å—Ç—Ä–∞–Ω—Å—Ç–≤–æ,11044,0,,,,,living_space,,,,,,
10966,1,–°–ø–∞–ª—å–Ω—è,11044,0,,,,,bedroom,,,,,,
10967,1,–í—Ö–æ–¥ –≤ –¥–æ–º,11044,0,,,,,Entrance-to-the-house,,,,,,
10968,1,–û–±–µ–¥–µ–Ω–Ω–∞—è –∑–æ–Ω–∞,11044,0,,,,,dining_area,,,,,,
10969,1,–í–∞–Ω–Ω–∞—è,11044,0,,,,,bathroom,,,,,,
10970,1,–î–æ–º–∞—à–Ω–∏–π –æ—Ñ–∏—Å,11044,0,,,,,home_office,,,,,,
10971,1,–î–µ—Ç—Å–∫–∞—è –∫–æ–º–Ω–∞—Ç–∞,11044,0,,,,,childrens_room,,,,,,
10972,1,–ë–∞–ª–∫–æ–Ω –∏ —Å–∞–¥,11044,0,,,,,balcony_and_garden,,,,,,
10973,1,–ì–æ—Å—Ç–µ–≤–∞—è –∫–æ–º–Ω–∞—Ç–∞,11044,0,,,,,guestroom,,,,,,
11197,1,–ö—É—Ö–Ω—è,11044,0,,,,,kithen,,,,,,
11237,1,–ü–∞—Ç–∏–æ,11044,,,,,,,,,,,,
11055,1,–î–∏–≤–∞–Ω—ã,10965,,"–î–∏–≤–∞–Ω—ã:
–í —Ä–∞–∑–¥–µ–ª–µ ""–î–∏–≤–∞–Ω—ã"" –≤—ã –Ω–∞–π–¥–µ—Ç–µ —à–∏—Ä–æ–∫–∏–π –≤—ã–±–æ—Ä –º–æ–¥–µ–ª–µ–π, —Å–æ—á–µ—Ç–∞—é—â–∏—Ö –≤ —Å–µ–±–µ –∫–æ–º—Ñ–æ—Ä—Ç, —Å—Ç–∏–ª—å –∏ –∫–∞—á–µ—Å—Ç–≤–æ. –ó–¥–µ—Å—å –ø—Ä–µ–¥—Å—Ç–∞–≤–ª–µ–Ω—ã —Ä–∞–∑–ª–∏—á–Ω—ã–µ –≤–∞—Ä–∏–∞–Ω—Ç—ã –¥–∏–≤–∞–Ω–æ–≤, –≤–∫–ª—é—á–∞—è —Ç—Ä–µ—Ö–º–µ—Å—Ç–Ω—ã–µ, –¥–≤—É—Ö–º–µ—Å—Ç–Ω—ã–µ, —É–≥–ª–æ–≤—ã–µ –∏ –¥–∏–≤–∞–Ω—ã-–∫—Ä–æ–≤–∞—Ç–∏. –í—ã–±–æ—Ä –ø–æ–¥—Ö–æ–¥—è—â–µ–≥–æ –¥–∏–≤–∞–Ω–∞ –ø–æ–º–æ–∂–µ—Ç —Å–æ–∑–¥–∞—Ç—å –≤ –≤–∞—à–µ–π –≥–æ—Å—Ç–∏–Ω–æ–π –∏–ª–∏ –≥–æ—Å—Ç–µ–≤–æ–π –∫–æ–º–Ω–∞—Ç–µ –ø—Ä–∏–≤–ª–µ–∫–∞—Ç–µ–ª—å–Ω—ã–π –∏ —É–¥–æ–±–Ω—ã–π –∏–Ω—Ç–µ—Ä—å–µ—Ä.",–ò–¥–µ–∞–ª—å–Ω–æ–µ —Å–æ—á–µ—Ç–∞–Ω–∏–µ —Å—Ç–∏–ª—è –∏ —Ñ—É–Ω–∫—Ü–∏–æ–Ω–∞–ª—å–Ω–æ—Å—Ç–∏ - –Ω–∞—à–∏ –¥–∏–≤–∞–Ω—ã,–†–∞—Å—Å–ª–∞–±—å—Ç–µ—Å—å –∏ –Ω–∞—Å–ª–∞–∂–¥–∞–π—Ç–µ—Å—å –º–∞–∫—Å–∏–º–∞–ª—å–Ω—ã–º –∫–æ–º—Ñ–æ—Ä—Ç–æ–º —Å –Ω–∞—à–∏–º–∏ –ø–æ—Ç—Ä—è—Å–∞—é—â–∏–º–∏ –¥–∏–≤–∞–Ω–∞–º–∏. –ò–¥–µ–∞–ª—å–Ω–æ–µ —Å–æ—á–µ—Ç–∞–Ω–∏–µ —Å—Ç–∏–ª—è –∏ —É–¥–æ–±—Å—Ç–≤–∞ –¥–ª—è –≤–∞—à–µ–≥–æ –≥–æ—Å—Ç–∏–Ω–æ–≥–æ –ø–æ–º–µ—â–µ–Ω–∏—è.,"–¥–∏–≤–∞–Ω—ã,–∫–æ–º—Ñ–æ—Ä—Ç,—Å—Ç–∏–ª—å,—É–¥–æ–±—Å—Ç–≤–æ,–∫–∞—á–µ—Å—Ç–≤–æ,–º–æ–¥–Ω—ã–µ –¥–∏–∑–∞–π–Ω—ã,–º–Ω–æ–∂–µ—Å—Ç–≤–æ —Ä–∞–∑–º–µ—Ä–æ–≤ –∏ —Ü–≤–µ—Ç–æ–≤,–∏–¥–µ–∞–ª—å–Ω–æ–µ –¥–æ–ø–æ–ª–Ω–µ–Ω–∏–µ –¥–ª—è –≥–æ—Å—Ç–∏–Ω–æ–π,–ø—Ä–µ–∫—Ä–∞—Å–Ω–æ–µ —Å–æ—á–µ—Ç–∞–Ω–∏–µ —ç–ª–µ–≥–∞–Ω—Ç–Ω–æ—Å—Ç–∏ –∏ —Ñ—É–Ω–∫—Ü–∏–æ–Ω–∞–ª—å–Ω–æ—Å—Ç–∏,–æ—Ç–¥—ã—Ö–∞–π—Ç–µ —Å –∫–æ–º—Ñ–æ—Ä—Ç–æ–º –∏ –Ω–∞—Å–ª–∞–∂–¥–∞–π—Ç–µ—Å—å —Å—Ç–∏–ª—å–Ω—ã–º –∏–Ω—Ç–µ—Ä—å–µ—Ä–æ–º",Sofas-and-Sectionals,,,,,,
11056,1,K—Ä–æ–≤–∞—Ç–∏,10965,,"–ö—Ä–æ–≤–∞—Ç–∏:
–†–∞–∑–¥–µ–ª ""–ö—Ä–æ–≤–∞—Ç–∏"" –ø—Ä–µ–¥–ª–∞–≥–∞–µ—Ç —à–∏—Ä–æ–∫–∏–π –≤—ã–±–æ—Ä –º–æ–¥–µ–ª–µ–π, –æ–±—ä–µ–¥–∏–Ω—è—é—â–∏—Ö –∫–æ–º—Ñ–æ—Ä—Ç, –¥–∏–∑–∞–π–Ω –∏ –∫–∞—á–µ—Å—Ç–≤–æ –≤—ã—Å–æ–∫–æ–≥–æ —É—Ä–æ–≤–Ω—è. –ó–¥–µ—Å—å –≤—ã –Ω–∞–π–¥–µ—Ç–µ —Ä–∞–∑–ª–∏—á–Ω—ã–µ —Ä–∞–∑–º–µ—Ä—ã –∫—Ä–æ–≤–∞—Ç–µ–π, –≤–∫–ª—é—á–∞—è –¥–≤—É—Å–ø–∞–ª—å–Ω—ã–µ, –æ–¥–Ω–æ—Å–ø–∞–ª—å–Ω—ã–µ –∏ —Ä–∞—Å–∫–ª–∞–¥–Ω—ã–µ –∫—Ä–æ–≤–∞—Ç–∏. –ù–µ–∑–∞–≤–∏—Å–∏–º–æ –æ—Ç —Å—Ç–∏–ª—è –∏ –ø—Ä–µ–¥–ø–æ—á—Ç–µ–Ω–∏–π, –≤–∞–º –ø—Ä–µ–¥–æ—Å—Ç–∞–≤–ª—è–µ—Ç—Å—è –º–Ω–æ–∂–µ—Å—Ç–≤–æ –≤–∞—Ä–∏–∞–Ω—Ç–æ–≤ –¥–ª—è –≤—ã–±–æ—Ä–∞ –∫—Ä–æ–≤–∞—Ç–∏, –∫–æ—Ç–æ—Ä–∞—è –∏–¥–µ–∞–ª—å–Ω–æ –≤–ø–∏—à–µ—Ç—Å—è –≤ –≤–∞—à—É —Å–ø–∞–ª—å–Ω—é.","–ö—Ä–æ–≤–∞—Ç–∏, —Å–æ–∑–¥–∞–Ω–Ω—ã–µ –¥–ª—è –±–µ–∑—É–ø—Ä–µ—á–Ω–æ–≥–æ —Å–Ω–∞","–ò–¥–µ–∞–ª—å–Ω–∞—è –∫—Ä–æ–≤–∞—Ç—å –¥–ª—è –≤–∞—à–µ–≥–æ —Å–Ω–∞ –∏ –æ—Ç–¥—ã—Ö–∞. –ö–æ–º—Ñ–æ—Ä—Ç, –∫–∞—á–µ—Å—Ç–≤–æ –∏ —Å—Ç–∏–ª—å –æ–±—ä–µ–¥–∏–Ω–µ–Ω—ã –≤ –∫–∞–∂–¥–æ–π –¥–µ—Ç–∞–ª–∏. –ü–æ–≥—Ä—É–∑–∏—Ç–µ—Å—å –≤ —Ä–æ—Å–∫–æ—à—å –∏ —É—é—Ç, –Ω–∞—Å–ª–∞–∂–¥–∞–π—Ç–µ—Å—å –º–æ–º–µ–Ω—Ç–∞–º–∏ –ø–æ–ª–Ω–æ–≥–æ —Ä–µ–ª–∞–∫—Å–∞","–∫—Ä–æ–≤–∞—Ç—å, —Å–æ–Ω, –æ—Ç–¥—ã—Ö, –∫–æ–º—Ñ–æ—Ä—Ç, –∫–∞—á–µ—Å—Ç–≤–æ, —Å—Ç–∏–ª—å, —Ä–æ—Å–∫–æ—à—å, —É—é—Ç, —Ä–µ–ª–∞–∫—Å, –≤–æ—Å—Å—Ç–∞–Ω–æ–≤–ª–µ–Ω–∏–µ, –≥–∞—Ä–º–æ–Ω–∏—è",beds,,,,,,
11057,1,"–°—Ç—É–ª—å—è, –∫—Ä–µ—Å–ª–∞ —Ç–∞–±—É—Ä–µ—Ç—ã",10965,,"–°—Ç—É–ª—å—è, –∫—Ä–µ—Å–ª–∞ –∏ —Ç–∞–±—É—Ä–µ—Ç—ã:
–†–∞–∑–¥–µ–ª ""–°—Ç—É–ª—å—è, –∫—Ä–µ—Å–ª–∞ –∏ —Ç–∞–±—É—Ä–µ—Ç—ã"" –ø—Ä–µ–¥–ª–∞–≥–∞–µ—Ç —à–∏—Ä–æ–∫–∏–π –≤—ã–±–æ—Ä –º–µ–±–µ–ª–∏ –¥–ª—è —Å–∏–¥–µ–Ω–∏—è. –ó–¥–µ—Å—å –≤—ã –Ω–∞–π–¥–µ—Ç–µ —Ä–∞–∑–ª–∏—á–Ω—ã–µ —Å—Ç–∏–ª–∏ –∏ –¥–∏–∑–∞–π–Ω—ã —Å—Ç—É–ª—å–µ–≤, –∫—Ä–µ—Å–µ–ª –∏ —Ç–∞–±—É—Ä–µ—Ç–æ–≤, –ø–æ–¥—Ö–æ–¥—è—â–∏—Ö –¥–ª—è —Ä–∞–∑–Ω—ã—Ö –ø–æ–º–µ—â–µ–Ω–∏–π, –≤–∫–ª—é—á–∞—è –∫—É—Ö–Ω—é, –≥–æ—Å—Ç–∏–Ω—É—é –∏–ª–∏ –æ—Ñ–∏—Å. –í—ã–±–æ—Ä —É–¥–æ–±–Ω–æ–≥–æ –∏ —Å—Ç–∏–ª—å–Ω–æ–≥–æ –∫—Ä–µ—Å–ª–∞ –∏–ª–∏ —Å—Ç—É–ª–∞ –ø–æ–º–æ–∂–µ—Ç —Å–æ–∑–¥–∞—Ç—å –∫–æ–º—Ñ–æ—Ä—Ç–Ω—É—é –æ–±—Å—Ç–∞–Ω–æ–≤–∫—É –≤ –≤–∞—à–µ–º –∏–Ω—Ç–µ—Ä—å–µ—Ä–µ.",–°–∏–¥–∏—Ç–µ —Å –∫–æ–º—Ñ–æ—Ä—Ç–æ–º –∏ —Å—Ç–∏–ª–µ–º!,"–ù–∞—Å–ª–∞–∂–¥–∞–π—Ç–µ—Å—å –∫–æ–º—Ñ–æ—Ä—Ç–æ–º –∏ —ç–ª–µ–≥–∞–Ω—Ç–Ω–æ—Å—Ç—å—é —Å –Ω–∞—à–µ–π –∫–æ–ª–ª–µ–∫—Ü–∏–µ–π —Å—Ç—É–ª—å–µ–≤, –∫—Ä–µ—Å–µ–ª –∏ —Ç–∞–±—É—Ä–µ—Ç–æ–≤. –ò–¥–µ–∞–ª—å–Ω–æ–µ —Å–æ—á–µ—Ç–∞–Ω–∏–µ —Ñ—É–Ω–∫—Ü–∏–æ–Ω–∞–ª—å–Ω–æ—Å—Ç–∏ –∏ —Å—Ç–∏–ª—è, —á—Ç–æ–±—ã —Å–æ–∑–¥–∞—Ç—å –ø—Ä–∏–≤–ª–µ–∫–∞—Ç–µ–ª—å–Ω—ã–π –∏ —É—é—Ç–Ω—ã–π –∏–Ω—Ç–µ—Ä—å–µ—Ä","—Å—Ç—É–ª—å—è, –∫—Ä–µ—Å–ª–∞, —Ç–∞–±—É—Ä–µ—Ç—ã, –∫–æ–º—Ñ–æ—Ä—Ç, —ç–ª–µ–≥–∞–Ω—Ç–Ω–æ—Å—Ç—å, —Ñ—É–Ω–∫—Ü–∏–æ–Ω–∞–ª—å–Ω–æ—Å—Ç—å, —Å—Ç–∏–ª—å, –∏–Ω—Ç–µ—Ä—å–µ—Ä, –∫–∞—á–µ—Å—Ç–≤–æ, –¥–∏–∑–∞–π–Ω",Chairs-and-Recliners,,,,,,
11058,1,–°—Ç–æ–ª—ã –∏ –∂—É—Ä–Ω–∞–ª—å–Ω—ã–µ —Å—Ç–æ–ª–∏–∫–∏,10965,,"–°—Ç–æ–ª—ã –∏ –∂—É—Ä–Ω–∞–ª—å–Ω—ã–µ —Å—Ç–æ–ª–∏–∫–∏:
–†–∞–∑–¥–µ–ª ""–°—Ç–æ–ª—ã –∏ –∂—É—Ä–Ω–∞–ª—å–Ω—ã–µ —Å—Ç–æ–ª–∏–∫–∏"" –ø—Ä–µ–¥–ª–∞–≥–∞–µ—Ç —Ä–∞–∑–Ω–æ–æ–±—Ä–∞–∑–∏–µ –º–æ–¥–µ–ª–µ–π, –æ—Ç —Å—Ç–æ–ª–æ–≤ –æ–±–µ–¥–µ–Ω–Ω—ã—Ö –¥–æ –∂—É—Ä–Ω–∞–ª—å–Ω—ã—Ö —Å—Ç–æ–ª–∏–∫–æ–≤. –ó–¥–µ—Å—å –≤—ã –Ω–∞–π–¥–µ—Ç–µ —Å—Ç–æ–ª—ã —Ä–∞–∑–ª–∏—á–Ω—ã—Ö —Ñ–æ—Ä–º –∏ —Ä–∞–∑–º–µ—Ä–æ–≤, –∞ —Ç–∞–∫–∂–µ —Å—Ç–∏–ª—å–Ω—ã–µ –∂—É—Ä–Ω–∞–ª—å–Ω—ã–µ —Å—Ç–æ–ª–∏–∫–∏, –∫–æ—Ç–æ—Ä—ã–µ –ø–æ–º–æ–≥—É—Ç –∑–∞–≤–µ—Ä—à–∏—Ç—å –æ–±—Å—Ç–∞–Ω–æ–≤–∫—É –≤ –≤–∞—à–µ–π –≥–æ—Å—Ç–∏–Ω–æ–π –∏–ª–∏ –≥–æ—Å—Ç–µ–≤–æ–π –∫–æ–º–Ω–∞—Ç–µ. –í—ã–±–æ—Ä –ø–æ–¥—Ö–æ–¥—è—â–µ–≥–æ —Å—Ç–æ–ª–∞ –ø–æ–∑–≤–æ–ª–∏—Ç —Å–æ–∑–¥–∞—Ç—å —Ñ—É–Ω–∫—Ü–∏–æ–Ω–∞–ª—å–Ω–æ–µ –∏ —Å—Ç–∏–ª—å–Ω–æ–µ –ø—Ä–æ—Å—Ç—Ä–∞–Ω—Å—Ç–≤–æ –¥–ª—è –æ–±–µ–¥–æ–≤, —Ä–∞–±–æ—Ç—ã –∏–ª–∏ –æ—Ç–¥—ã—Ö–∞.",–ù–∞—à–∏ —Å—Ç–æ–ª—ã - –∏–¥–µ–∞–ª—å–Ω–æ–µ —Å–æ—á–µ—Ç–∞–Ω–∏–µ —ç–ª–µ–≥–∞–Ω—Ç–Ω–æ—Å—Ç–∏ –∏ –ø—Ä–∞–∫—Ç–∏—á–Ω–æ—Å—Ç–∏,"–®–∏—Ä–æ–∫–∏–π –≤—ã–±–æ—Ä —Å—Ç–æ–ª–æ–≤ –∏ –∂—É—Ä–Ω–∞–ª—å–Ω—ã—Ö —Å—Ç–æ–ª–∏–∫–æ–≤ –¥–ª—è –≤—Å–µ—Ö —Å—Ç–∏–ª–µ–π –∏ –ø–æ—Ç—Ä–µ–±–Ω–æ—Å—Ç–µ–π. –û—Ç —Å–æ–≤—Ä–µ–º–µ–Ω–Ω—ã—Ö –∏ –º–∏–Ω–∏–º–∞–ª–∏—Å—Ç–∏—á–µ—Å–∫–∏—Ö –¥–∏–∑–∞–π–Ω–æ–≤ –¥–æ –∫–ª–∞—Å—Å–∏—á–µ—Å–∫–∏—Ö –∏ —Ä–æ—Å–∫–æ—à–Ω—ã—Ö –≤–∞—Ä–∏–∞–Ω—Ç–æ–≤, —É –Ω–∞—Å –µ—Å—Ç—å –∏–¥–µ–∞–ª—å–Ω–æ–µ —Ä–µ—à–µ–Ω–∏–µ –¥–ª—è –≤–∞—à–µ–≥–æ –∏–Ω—Ç–µ—Ä—å–µ—Ä–∞","–º–µ–±–µ–ª—å, —Å—Ç–æ–ª—ã, –∂—É—Ä–Ω–∞–ª—å–Ω—ã–µ —Å—Ç–æ–ª–∏–∫–∏, –¥–∏–∑–∞–π–Ω, —Å—Ç–∏–ª—å, –∏–Ω—Ç–µ—Ä—å–µ—Ä, –≤—ã–±–æ—Ä, –∫–∞—á–µ—Å—Ç–≤–æ, –º–∞—Ç–µ—Ä–∏–∞–ª—ã, –∫–æ–Ω—Å—Ç—Ä—É–∫—Ü–∏—è",tables,,,,,,
11059,1,–¢–í-—Ç—É–º–±—ã –∏ –∫–æ–º–æ–¥—ã,10965,,"–¢–í-—Ç—É–º–±—ã –∏ –∫–æ–º–æ–¥—ã:
–í —Ä–∞–∑–¥–µ–ª–µ ""–¢–í-—Ç—É–º–±—ã –∏ –∫–æ–º–æ–¥—ã"" –ø—Ä–µ–¥—Å—Ç–∞–≤–ª–µ–Ω—ã –º–µ–±–µ–ª—å–Ω—ã–µ —Ä–µ—à–µ–Ω–∏—è –¥–ª—è —Ö—Ä–∞–Ω–µ–Ω–∏—è –∏ —Ä–∞–∑–º–µ—â–µ–Ω–∏—è —Ç–µ–ª–µ–≤–∏–∑–æ—Ä–æ–≤ –∏ –¥—Ä—É–≥–∏—Ö –º–µ–¥–∏–∞—É—Å—Ç—Ä–æ–π—Å—Ç–≤. –ó–¥–µ—Å—å –≤—ã –Ω–∞–π–¥–µ—Ç–µ —Ä–∞–∑–ª–∏—á–Ω—ã–µ –º–æ–¥–µ–ª–∏ —Ç—É–º–± –∏ –∫–æ–º–æ–¥–æ–≤, –∫–æ—Ç–æ—Ä—ã–µ –ø–æ–º–æ–≥—É—Ç –æ—Ä–≥–∞–Ω–∏–∑–æ–≤–∞—Ç—å –ø—Ä–æ—Å—Ç—Ä–∞–Ω—Å—Ç–≤–æ –≤–æ–∫—Ä—É–≥ –≤–∞—à–µ–≥–æ —Ç–µ–ª–µ–≤–∏–∑–æ—Ä–∞ –∏ –æ–±–µ—Å–ø–µ—á–∏—Ç—å —É–¥–æ–±—Å—Ç–≤–æ –∏—Å–ø–æ–ª—å–∑–æ–≤–∞–Ω–∏—è. –í—ã–±–æ—Ä –ø–æ–¥—Ö–æ–¥—è—â–µ–π –¢–í-—Ç—É–º–±—ã –∏–ª–∏ –∫–æ–º–æ–¥–∞ –ø–æ–º–æ–∂–µ—Ç —Å–æ–∑–¥–∞—Ç—å –∞–∫–∫—É—Ä–∞—Ç–Ω—ã–π –∏ —Ñ—É–Ω–∫—Ü–∏–æ–Ω–∞–ª—å–Ω—ã–π –∏–Ω—Ç–µ—Ä—å–µ—Ä –≤–∞—à–µ–π –≥–æ—Å—Ç–∏–Ω–æ–π –∏–ª–∏ –≥–æ—Å—Ç–µ–≤–æ–π –∫–æ–º–Ω–∞—Ç—ã.","–°–æ–≤—Ä–µ–º–µ–Ω–Ω—ã–µ —Ä–µ—à–µ–Ω–∏—è –¥–ª—è –≤–∞—à–µ–π –≥–æ—Å—Ç–∏–Ω–æ–π: —Ç—É–º–±—ã, –∫–æ–º–æ–¥—ã –∏ –ø–æ–¥—Å—Ç–∞–≤–∫–∏ –ø–æ–¥ —Ç–µ–ª–µ–≤–∏–∑–æ—Ä—ã!","–û—Ä–≥–∞–Ω–∏–∑—É–π—Ç–µ –≤–∞—à—É –≥–æ—Å—Ç–∏–Ω—É—é —Å –ø–æ–º–æ—â—å—é —Ñ—É–Ω–∫—Ü–∏–æ–Ω–∞–ª—å–Ω—ã—Ö –∏ —Å—Ç–∏–ª—å–Ω—ã—Ö —Ç—É–º–±, –∫–æ–º–æ–¥–æ–≤ –∏ –ø–æ–¥—Å—Ç–∞–≤–æ–∫ –ø–æ–¥ —Ç–µ–ª–µ–≤–∏–∑–æ—Ä—ã. –ú–µ–±–µ–ª—å, —Å–æ—á–µ—Ç–∞—é—â–∞—è –≤ —Å–µ–±–µ —ç—Å—Ç–µ—Ç–∏–∫—É –∏ –ø—Ä–∞–∫—Ç–∏—á–Ω–æ—Å—Ç—å","—Ç—É–º–±—ã, –∫–æ–º–æ–¥—ã, –ø–æ–¥—Å—Ç–∞–≤–∫–∏, —Ç–µ–ª–µ–≤–∏–∑–æ—Ä—ã, –≥–æ—Å—Ç–∏–Ω–∞—è, –æ—Ä–≥–∞–Ω–∏–∑–∞—Ü–∏—è, —Ö—Ä–∞–Ω–µ–Ω–∏–µ, —Å—Ç–∏–ª—å–Ω—ã–µ, —Ñ—É–Ω–∫—Ü–∏–æ–Ω–∞–ª—å–Ω—ã–µ, —ç—Å—Ç–µ—Ç–∏–∫–∞, –ø—Ä–∞–∫—Ç–∏—á–Ω–æ—Å—Ç—å, –∏–Ω—Ç–µ—Ä—å–µ—Ä, —Ä–æ—Å–∫–æ—à—å, —É–¥–æ–±—Å—Ç–≤–æ",TV_Stands_bureau,,,,,,
11060,1,–ü–æ–ª–∫–∏ –∏ —à–∫–∞—Ñ—ã –¥–ª—è —Ö—Ä–∞–Ω–µ–Ω–∏—è,10965,,"–ü–æ–ª–∫–∏ –∏ —à–∫–∞—Ñ—ã –¥–ª—è —Ö—Ä–∞–Ω–µ–Ω–∏—è:
–†–∞–∑–¥–µ–ª –ø–æ–ª–æ–∫ –∏ —à–∫–∞—Ñ–æ–≤ –¥–ª—è —Ö—Ä–∞–Ω–µ–Ω–∏—è –ø—Ä–µ–¥–ª–∞–≥–∞–µ—Ç —Ä–∞–∑–Ω–æ–æ–±—Ä–∞–∑–Ω—ã–µ —Ä–µ—à–µ–Ω–∏—è –¥–ª—è –æ—Ä–≥–∞–Ω–∏–∑–∞—Ü–∏–∏ –ø—Ä–æ—Å—Ç—Ä–∞–Ω—Å—Ç–≤–∞ –≤ –≤–∞—à–µ–º –¥–æ–º–µ. –ó–¥–µ—Å—å –≤—ã –Ω–∞–π–¥–µ—Ç–µ –ø–æ–ª–∫–∏ —Ä–∞–∑–ª–∏—á–Ω—ã—Ö —Ä–∞–∑–º–µ—Ä–æ–≤ –∏ –∫–æ–Ω—Ñ–∏–≥—É—Ä–∞—Ü–∏–π, –∞ —Ç–∞–∫–∂–µ —à–∫–∞—Ñ—ã —Å —Ä–∞–∑–ª–∏—á–Ω—ã–º–∏ –æ—Ç–¥–µ–ª–µ–Ω–∏—è–º–∏ –∏ —è—â–∏–∫–∞–º–∏. –≠—Ç–∏ —Ñ—É–Ω–∫—Ü–∏–æ–Ω–∞–ª—å–Ω—ã–µ –∏ —Å—Ç–∏–ª—å–Ω—ã–µ —ç–ª–µ–º–µ–Ω—Ç—ã –º–µ–±–µ–ª–∏ –ø–æ–º–æ–≥—É—Ç –≤–∞–º —Ö—Ä–∞–Ω–∏—Ç—å –∏ –æ—Ä–≥–∞–Ω–∏–∑–æ–≤—ã–≤–∞—Ç—å –≤–µ—â–∏ –≤ –ª—é–±–æ–π –∫–æ–º–Ω–∞—Ç–µ –≤–∞—à–µ–≥–æ –¥–æ–º–∞, –æ—Ç –≥–æ—Å—Ç–∏–Ω–æ–π –∏ —Å–ø–∞–ª—å–Ω–∏ –¥–æ –æ—Ñ–∏—Å–∞ –∏ –≥–∞—Ä–¥–µ—Ä–æ–±–Ω–æ–π.",,,,Shelving_and_Storage_Units,,,,,,
11061,1,–ö–Ω–∏–∂–Ω—ã–µ —à–∫–∞—Ñ—ã –∏ –≤–∏—Ç—Ä–∏–Ω—ã,10965,,"–ö–Ω–∏–∂–Ω—ã–µ —à–∫–∞—Ñ—ã –∏ –≤–∏—Ç—Ä–∏–Ω—ã:
–†–∞–∑–¥–µ–ª –∫–Ω–∏–∂–Ω—ã—Ö —à–∫–∞—Ñ–æ–≤ –∏ –≤–∏—Ç—Ä–∏–Ω –ø—Ä–µ–¥–ª–∞–≥–∞–µ—Ç —ç–ª–µ–≥–∞–Ω—Ç–Ω—ã–µ –∏ –ø—Ä–∞–∫—Ç–∏—á–Ω—ã–µ —Ä–µ—à–µ–Ω–∏—è –¥–ª—è —Ö—Ä–∞–Ω–µ–Ω–∏—è –∏ –æ—Ç–æ–±—Ä–∞–∂–µ–Ω–∏—è –≤–∞—à–∏—Ö –ª—é–±–∏–º—ã—Ö –∫–Ω–∏–≥, –ø—Ä–µ–¥–º–µ—Ç–æ–≤ –∫–æ–ª–ª–µ–∫—Ü–∏–∏ –∏ –¥–µ–∫–æ—Ä–∞—Ç–∏–≤–Ω—ã—Ö –∞–∫—Å–µ—Å—Å—É–∞—Ä–æ–≤. –í—ã –º–æ–∂–µ—Ç–µ –≤—ã–±—Ä–∞—Ç—å –∫–Ω–∏–∂–Ω—ã–µ —à–∫–∞—Ñ—ã —Ä–∞–∑–ª–∏—á–Ω—ã—Ö —Ä–∞–∑–º–µ—Ä–æ–≤ –∏ —Å—Ç–∏–ª–µ–π, –≤–∫–ª—é—á–∞—è –æ—Ç–∫—Ä—ã—Ç—ã–µ –ø–æ–ª–∫–∏ –∏–ª–∏ –º–æ–¥–µ–ª–∏ —Å –¥–≤–µ—Ä—Ü–∞–º–∏ –∏ —è—â–∏–∫–∞–º–∏. –ö–Ω–∏–∂–Ω—ã–µ –≤–∏—Ç—Ä–∏–Ω—ã —Å –ø—Ä–æ–∑—Ä–∞—á–Ω—ã–º–∏ —Å—Ç–µ–∫–ª—è–Ω–Ω—ã–º–∏ —Å—Ç–≤–æ—Ä–∫–∞–º–∏ –ø–æ–∑–≤–æ–ª—è—Ç –≤–∞–º —Å–æ–∑–¥–∞—Ç—å —ç–ª–µ–≥–∞–Ω—Ç–Ω—ã–π –∏ —Å—Ç–∏–ª—å–Ω—ã–π –∞–∫—Ü–µ–Ω—Ç –≤ –∏–Ω—Ç–µ—Ä—å–µ—Ä–µ.",,,,Bookcases,,,,,,
11070,1,–î–µ—Ç—Å–∫–∏–µ –ö—Ä–æ–≤–∞—Ç–∏,10971,,"–°–æ–∑–¥–∞–π—Ç–µ –º–µ—á—Ç–∞—Ç–µ–ª—å–Ω–æ–µ –ø—Ä–æ—Å—Ç—Ä–∞–Ω—Å—Ç–≤–æ –¥–ª—è –≤–∞—à–µ–≥–æ —Ä–µ–±–µ–Ω–∫–∞ —Å –Ω–∞—à–∏–º–∏ –∫—Ä–æ–≤–∞—Ç—è–º–∏, –Ω–∞–ø–æ–ª–Ω–µ–Ω–Ω—ã–º–∏ —Ä–∞–¥–æ—Å—Ç—å—é!",–°–ª–∞–¥–∫–∏–µ —Å–Ω—ã –Ω–∞—á–∏–Ω–∞—é—Ç—Å—è —Å –Ω–∞—à–∏—Ö —É–¥–æ–±–Ω—ã—Ö –∏ –±–µ–∑–æ–ø–∞—Å–Ω—ã—Ö –∫—Ä–æ–≤–∞—Ç–µ–π!,"–ù–∞–π–¥–∏—Ç–µ –∏–¥–µ–∞–ª—å–Ω—É—é –¥–µ—Ç—Å–∫—É—é –∫—Ä–æ–≤–∞—Ç—å –≤ –Ω–∞—à–µ–º –º–∞–≥–∞–∑–∏–Ω–µ –¥–µ—Ç—Å–∫–æ–π –º–µ–±–µ–ª–∏. –®–∏—Ä–æ–∫–∏–π –≤—ã–±–æ—Ä –∫—Ä–æ–≤–∞—Ç–µ–π –¥–ª—è –¥–µ—Ç–µ–π –≤—Å–µ—Ö –≤–æ–∑—Ä–∞—Å—Ç–æ–≤ –∏ —Å—Ç–∏–ª–µ–π. –£–¥–æ–±–Ω—ã–µ, –±–µ–∑–æ–ø–∞—Å–Ω—ã–µ –∏ –∫—Ä–∞—Å–∏–≤—ã–µ –∫—Ä–æ–≤–∞—Ç–∏, –∫–æ—Ç–æ—Ä—ã–µ —Å–æ–∑–¥–∞–¥—É—Ç –∫–æ–º—Ñ–æ—Ä—Ç–Ω—É—é –∞—Ç–º–æ—Å—Ñ–µ—Ä—É –¥–ª—è —Å–Ω–∞ –∏ –æ—Ç–¥—ã—Ö–∞ –≤–∞—à–µ–≥–æ —Ä–µ–±–µ–Ω–∫–∞",,Beds,,,,,,
11071,1,–®–∫–∞—Ñ—ã,10971,,–°—Ç–∏–ª—å –∏ –æ—Ä–≥–∞–Ω–∏–∑–æ–≤–∞–Ω–Ω–æ–µ —Ö—Ä–∞–Ω–µ–Ω–∏–µ –¥–ª—è –º–∞–ª–µ–Ω—å–∫–∏—Ö –º–æ–¥–Ω–∏–∫–æ–≤ –∏ –º–æ–¥–Ω–∏—Ü!,"–ü—Ä–æ—Å—Ç–æ—Ä–Ω—ã–µ —à–∫–∞—Ñ—ã, —á—Ç–æ–±—ã –∫–∞–∂–¥–∞—è –≤–µ—â—å –≤–∞—à–µ–≥–æ —Ä–µ–±–µ–Ω–∫–∞ –∏–º–µ–ª–∞ —Å–≤–æ–µ –º–µ—Å—Ç–æ!","–®–∏—Ä–æ–∫–∏–π –≤—ã–±–æ—Ä —Ä–∞–∑–º–µ—Ä–æ–≤ –∏ –¥–∏–∑–∞–π–Ω–æ–≤ —à–∫–∞—Ñ–æ–≤, —á—Ç–æ–±—ã —É–¥–æ–≤–ª–µ—Ç–≤–æ—Ä–∏—Ç—å –ø–æ—Ç—Ä–µ–±–Ω–æ—Å—Ç–∏ –≤–∞—à–µ–≥–æ —Ä–∞—Å—Ç—É—â–µ–≥–æ —Ä–µ–±–µ–Ω–∫–∞. –°—Ç–∏–ª—å–Ω—ã–µ –∏ –ø—Ä–æ—Å—Ç–æ—Ä–Ω—ã–µ —à–∫–∞—Ñ—ã, –∫–æ—Ç–æ—Ä—ã–µ –ø–æ–º–æ–≥—É—Ç –ø–æ–¥–¥–µ—Ä–∂–∏–≤–∞—Ç—å –ø–æ—Ä—è–¥–æ–∫ –∏ —Ö—Ä–∞–Ω–∏—Ç—å –æ–¥–µ–∂–¥—É, –∏–≥—Ä—É—à–∫–∏ –∏ –¥—Ä—É–≥–∏–µ –ø—Ä–µ–¥–º–µ—Ç—ã",,Wardrobes,,,,,,
11072,1,–ü–∏—Å—å–º–µ–Ω–Ω—ã–µ —Å—Ç–æ–ª—ã,10971,,"–°–æ–∑–¥–∞–π—Ç–µ –∏–¥–µ–∞–ª—å–Ω—É—é —Å—Ä–µ–¥—É –¥–ª—è –æ–±—É—á–µ–Ω–∏—è –∏ –∏—Å—Å–ª–µ–¥–æ–≤–∞–Ω–∏—è —Å –Ω–∞—à–∏–º–∏ —Å—Ç–æ–ª–∞–º–∏, —Å–ø–µ—Ü–∏–∞–ª—å–Ω–æ —Ä–∞–∑—Ä–∞–±–æ—Ç–∞–Ω–Ω—ã–º–∏ –¥–ª—è –º–∞–ª–µ–Ω—å–∫–∏—Ö —É–º–æ–≤!",—Ç–≤–æ—Ä—á–µ—Å—Ç–≤–æ –∏ —É—Å–ø–µ—Ö —Å –Ω–∞—à–∏–º–∏ —É–¥–æ–±–Ω—ã–º–∏ –∏ —Ñ—É–Ω–∫—Ü–∏–æ–Ω–∞–ª—å–Ω—ã–º–∏ –ø–∏—Å—å–º–µ–Ω–Ω—ã–º–∏ —Å—Ç–æ–ª–∞–º–∏,"–≠—Ä–≥–æ–Ω–æ–º–∏—á–Ω—ã–µ –∏ —Ñ—É–Ω–∫—Ü–∏–æ–Ω–∞–ª—å–Ω—ã–µ, –Ω–∞—à–∏ —Å—Ç–æ–ª—ã –ø–æ–º–æ–≥—É—Ç –≤–∞—à–µ–º—É —Ä–µ–±–µ–Ω–∫—É —Å–æ—Å—Ä–µ–¥–æ—Ç–æ—á–∏—Ç—å—Å—è –Ω–∞ —É—á–µ–±–µ –∏ —Ç–≤–æ—Ä—á–µ—Å—Ç–≤–µ. –†–∞–∑–ª–∏—á–Ω—ã–µ —Ä–∞–∑–º–µ—Ä—ã –∏ —Å—Ç–∏–ª–∏ —Å—Ç–æ–ª–æ–≤ –ø–æ–∑–≤–æ–ª—è—Ç –≤—ã–±—Ä–∞—Ç—å –∏–¥–µ–∞–ª—å–Ω–æ–µ —Ä–µ—à–µ–Ω–∏–µ –¥–ª—è –¥–µ—Ç—Å–∫–æ–π –∫–æ–º–Ω–∞—Ç—ã",,Desks,,,,,,
11073,1,–°—Ç—É–ª—å—è,10971,,"–†–∞–∑–Ω–æ–æ–±—Ä–∞–∑–∏–µ —Å—Ç–∏–ª–µ–π –∏ —Ü–≤–µ—Ç–æ–≤, —á—Ç–æ–±—ã –≤–∞—à —Ä–µ–±–µ–Ω–æ–∫ –º–æ–≥ –≤—ã–±—Ä–∞—Ç—å –∏–¥–µ–∞–ª—å–Ω—ã–π —Å—Ç—É–ª –¥–ª—è —Å–≤–æ–µ–π –¥–µ—Ç—Å–∫–æ–π –∫–æ–º–Ω–∞—Ç—ã!",–£–¥–æ–±—Å—Ç–≤–æ –∏ –±–µ–∑–æ–ø–∞—Å–Ω–æ—Å—Ç—å –Ω–∞—à–∏—Ö —Å—Ç—É–ª—å–µ–≤ - –ø—Ä–∏–æ—Ä–∏—Ç–µ—Ç –¥–ª—è –º–∞–ª–µ–Ω—å–∫–∏—Ö –ø—Ä–∏–Ω—Ü–µ–≤ –∏ –ø—Ä–∏–Ω—Ü–µ—Å—Å!,"
–ò–¥–µ–∞–ª—å–Ω–æ –ø–æ–¥—Ö–æ–¥—è—â–∏–µ –¥–ª—è —É—á–µ–±—ã –∏–ª–∏ –∏–≥—Ä, –Ω–∞—à–∏ —Å—Ç—É–ª—å—è –æ–±–ª–∞–¥–∞—é—Ç —ç—Ä–≥–æ–Ω–æ–º–∏—á–Ω—ã–º –¥–∏–∑–∞–π–Ω–æ–º –∏ –∫–∞—á–µ—Å—Ç–≤–µ–Ω–Ω–æ–π –∫–æ–Ω—Å—Ç—Ä—É–∫—Ü–∏–µ–π. –†–∞–∑–ª–∏—á–Ω—ã–µ —Ü–≤–µ—Ç–∞ –∏ –º–∞—Ç–µ—Ä–∏–∞–ª—ã –ø–æ–∑–≤–æ–ª—è—Ç –≤–∞–º –≤—ã–±—Ä–∞—Ç—å —Å—Ç—É–ª, –∫–æ—Ç–æ—Ä—ã–π —Å–æ–æ—Ç–≤–µ—Ç—Å—Ç–≤—É–µ—Ç —Å—Ç–∏–ª—é –¥–µ—Ç—Å–∫–æ–π –∫–æ–º–Ω–∞—Ç—ã",,Chairs,,,,,,
11074,1,–ö–æ–º–æ–¥—ã,10971,,–ú–µ—Å—Ç–æ –¥–ª—è –æ—Ä–≥–∞–Ω–∏–∑–∞—Ü–∏–∏ –∏ —Ö—Ä–∞–Ω–µ–Ω–∏—è –¥–µ—Ç—Å–∫–∏—Ö –≤–µ—â–µ–π - –Ω–∞—à–∏ –∫–æ–º–æ–¥—ã –¥–µ–ª–∞—é—Ç —ç—Ç–æ —Å –ª–µ–≥–∫–æ—Å—Ç—å—é,"–ö–æ–º–æ–¥—ã, –∫–æ—Ç–æ—Ä—ã–µ –ø–æ–º–æ–≥—É—Ç –≤–∞–º —Å–æ—Ö—Ä–∞–Ω–∏—Ç—å –ø–æ—Ä—è–¥–æ–∫ –∏ —Å—Ç–∏–ª—å –≤ –¥–µ—Ç—Å–∫–æ–π –∫–æ–º–Ω–∞—Ç–µ!","–û—Ä–≥–∞–Ω–∏–∑—É–π—Ç–µ —Ö—Ä–∞–Ω–µ–Ω–∏–µ –æ–¥–µ–∂–¥—ã –∏ –∞–∫—Å–µ—Å—Å—É–∞—Ä–æ–≤ —Å –Ω–∞—à–∏–º–∏ –∫–æ–º–æ–¥–∞–º–∏. –ü—Ä–æ—Å—Ç–æ—Ä–Ω—ã–µ –∏ —Ñ—É–Ω–∫—Ü–∏–æ–Ω–∞–ª—å–Ω—ã–µ, –Ω–∞—à–∏ –∫–æ–º–æ–¥—ã –ø–æ–º–æ–≥—É—Ç –ø–æ–¥–¥–µ—Ä–∂–∏–≤–∞—Ç—å –ø–æ—Ä—è–¥–æ–∫ –≤ –¥–µ—Ç—Å–∫–æ–π –∫–æ–º–Ω–∞—Ç–µ. –†–∞–∑–ª–∏—á–Ω—ã–µ —è—â–∏–∫–∏ –∏ –ø–æ–ª–∫–∏ –ø–æ–∑–≤–æ–ª—è—Ç —É–¥–æ–±–Ω–æ —Ä–∞—Å–ø–æ–ª–æ–∂–∏—Ç—å –≤–µ—â–∏ –∏ –ª–µ–≥–∫–æ –Ω–∞–π—Ç–∏ –Ω—É–∂–Ω—ã–µ –ø—Ä–µ–¥–º–µ—Ç—ã.",,Dressers,,,,,,
11075,1,–ü–æ–ª–∫–∏,10971,,"–ò–∑—è—â–Ω—ã–µ –∏ –ø—Ä–∞–∫—Ç–∏—á–Ω—ã–µ –ø–æ–ª–∫–∏, —á—Ç–æ–±—ã —Å–æ–∑–¥–∞—Ç—å —É–Ω–∏–∫–∞–ª—å–Ω—ã–π –¥–µ–∫–æ—Ä–∞—Ç–∏–≤–Ω—ã–π —ç–ª–µ–º–µ–Ω—Ç –≤ –¥–µ—Ç—Å–∫–æ–π –∫–æ–º–Ω–∞—Ç–µ","–ü–æ–ª–∫–∏, –∫–æ—Ç–æ—Ä—ã–µ —Ä–∞—Å—Ç—É—Ç –≤–º–µ—Å—Ç–µ —Å –≤–∞—à–∏–º —Ä–µ–±–µ–Ω–∫–æ–º - –º–µ—Å—Ç–æ –¥–ª—è –∫–Ω–∏–≥, –∏–≥—Ä—É—à–µ–∫ –∏ —Å–∞–º—ã—Ö –¥—Ä–∞–≥–æ—Ü–µ–Ω–Ω—ã—Ö –≤–æ—Å–ø–æ–º–∏–Ω–∞–Ω–∏–π","–°—Ç–∏–ª—å–Ω—ã–π –∏ –ø—Ä–∞–∫—Ç–∏—á–Ω—ã–π –¥–∏–∑–∞–π–Ω —Å –Ω–∞—à–∏–º–∏ –ø–æ–ª–∫–∞–º–∏. –ò–¥–µ–∞–ª—å–Ω–æ –ø–æ–¥—Ö–æ–¥—è—â–∏–µ –¥–ª—è —Ö—Ä–∞–Ω–µ–Ω–∏—è –∫–Ω–∏–≥, –∏–≥—Ä—É—à–µ–∫ –∏ –¥–µ–∫–æ—Ä–∞—Ç–∏–≤–Ω—ã—Ö –ø—Ä–µ–¥–º–µ—Ç–æ–≤, –Ω–∞—à–∏ –ø–æ–ª–∫–∏ –¥–æ–±–∞–≤—è—Ç —Ñ—É–Ω–∫—Ü–∏–æ–Ω–∞–ª—å–Ω–æ—Å—Ç—å –∏ —ç—Å—Ç–µ—Ç–∏—á–µ—Å–∫—É—é –ø—Ä–∏–≤–ª–µ–∫–∞—Ç–µ–ª—å–Ω–æ—Å—Ç—å –≤ –¥–µ—Ç—Å–∫—É—é –∫–æ–º–Ω–∞—Ç—É. ",,Shelves,,,,,,
11076,1,–¢—É–º–±–∞ –¥–ª—è —Ç–µ–ª–µ–≤–∏–∑–æ—Ä–∞ –∏–ª–∏ –∏–≥—Ä–æ–≤–æ–π –∫–æ–Ω—Å–æ–ª–∏,10971,,–ú–∞–∫—Å–∏–º–∞–ª—å–Ω–æ–µ —É–¥–æ–≤–æ–ª—å—Å—Ç–≤–∏–µ –æ—Ç –∏–≥—Ä –∏ —Ä–∞–∑–≤–ª–µ—á–µ–Ω–∏–π —Å –Ω–∞—à–∏–º–∏ —Å–ø–µ—Ü–∏–∞–ª—å–Ω–æ —Ä–∞–∑—Ä–∞–±–æ—Ç–∞–Ω–Ω—ã–º–∏ –ø–æ–¥—Å—Ç–∞–≤–∫–∞–º–∏ –ø–æ–¥ —Ç–µ–ª–µ–≤–∏–∑–æ—Ä –∏ –∏–≥—Ä–æ–≤—ã–µ –∫–æ–Ω—Å–æ–ª–∏,–ú–µ—Å—Ç–æ –¥–ª—è —Ç–µ–ª–µ–≤–∏–∑–æ—Ä–∞ –∏ –∏–≥—Ä–æ–≤—ã—Ö –∫–æ–Ω—Å–æ–ª–µ–π –Ω–∞ –Ω–∞—à–∏—Ö —É–¥–æ–±–Ω—ã—Ö –∏ —Å—Ç–∏–ª—å–Ω—ã—Ö —Ç—É–º–±–∞—Ö,"–≠—Ä–≥–æ–Ω–æ–º–∏—á–Ω—ã–µ –∏ —Ñ—É–Ω–∫—Ü–∏–æ–Ω–∞–ª—å–Ω—ã–µ, –Ω–∞—à–∏ —Ç—É–º–±—ã –æ–±–µ—Å–ø–µ—á–∏–≤–∞—é—Ç —É–¥–æ–±–Ω–æ–µ —Ä–∞–∑–º–µ—â–µ–Ω–∏–µ —Ç–µ—Ö–Ω–∏–∫–∏ –∏ —Ö—Ä–∞–Ω–µ–Ω–∏–µ –∏–≥—Ä. –ò–¥–µ–∞–ª—å–Ω–æ–µ —Ä–µ—à–µ–Ω–∏–µ –¥–ª—è —Ç–µ–ª–µ–≤–∏–∑–æ—Ä–∞ –∏–ª–∏ –∏–≥—Ä–æ–≤–æ–∫ –∫–æ–Ω—Å–æ–ª–∏",,tv-consoles-stands,,,,,,
11077,1,–ì–∞—Ä–¥–µ—Ä–æ–±—ã,10971,,–°–æ–∑–¥–∞–π—Ç–µ –¥–æ–ø–æ–ª–Ω–∏—Ç–µ–ª—å–Ω–æ–µ –ø—Ä–æ—Å—Ç—Ä–∞–Ω—Å—Ç–≤–æ —Ö—Ä–∞–Ω–µ–Ω–∏—è —Å –Ω–∞—à–∏–º–∏ –ø—Ä–æ—Å—Ç–æ—Ä–Ω—ã–º–∏ –∏ –æ—Ä–≥–∞–Ω–∏–∑–æ–≤–∞–Ω–Ω—ã–º–∏ –≥–∞—Ä–¥–µ—Ä–ø–±–∞–º–∏ –∏ —à–∫–∞—Ñ–∞–º–∏,"–£–¥–æ–±–Ω—ã–µ –∏ –≤–º–µ—Å—Ç–∏—Ç–µ–ª—å–Ω—ã–µ —à–∫–∞—Ñ—ã –∏ –≥–∞—Ä–¥–µ—Ä–æ–±—ã, —á—Ç–æ–±—ã –≤—Å–µ –≤–µ—â–∏ –≤–∞—à–µ–≥–æ —Ä–µ–±–µ–Ω–∫–∞ –∏–º–µ–ª–∏ —Å–≤–æ–µ –º–µ—Å—Ç–æ","–ì–∞—Ä–¥–µ—Ä–æ–±—ã –¥–ª—è —Ö—Ä–∞–Ω–µ–Ω–∏—è –æ–¥–µ–∂–¥—ã. –ü—Ä–æ—Å—Ç–æ—Ä–Ω—ã–µ –∏ –ø—Ä–∞–∫—Ç–∏—á–Ω—ã–µ, –Ω–∞—à–∏ –≥–∞—Ä–¥–µ—Ä–æ–±—ã –ø—Ä–µ–¥–ª–∞–≥–∞—é—Ç —Ä–∞–∑–ª–∏—á–Ω—ã–µ –∫–æ–Ω—Ñ–∏–≥—É—Ä–∞—Ü–∏–∏ –∏ —Ä–µ—à–µ–Ω–∏—è. –ü–æ–º–æ–≥–∏—Ç–µ –≤–∞—à–µ–º—É —Ä–µ–±–µ–Ω–∫—É —Å–æ—Ö—Ä–∞–Ω–∏—Ç—å –ø–æ—Ä—è–¥–æ–∫ –∏ —É–¥–æ–±–Ω–æ —Ä–∞–∑–º–µ—Å—Ç–∏—Ç—å —Å–≤–æ—é –æ–¥–µ–∂–¥—É.",,Closets,,,,,,
11078,1,–ò–≥—Ä–æ–≤–∞—è –∑–æ–Ω–∞,10971,,–°–æ–∑–¥–∞–π—Ç–µ –º–∏—Ä –≤–µ—Å–µ–ª—å—è –∏ –ø—Ä–∏–∫–ª—é—á–µ–Ω–∏–π —Å –Ω–∞—à–∏–º–∏ —Å–ø–µ—Ü–∏–∞–ª—å–Ω–æ —Å–æ–∑–¥–∞–Ω–Ω—ã–º–∏ –∏–≥—Ä–æ–≤—ã–º–∏ –∑–æ–Ω–∞–º–∏,"–ò–≥—Ä–æ–≤–∞—è –∑–æ–Ω–∞, –≥–¥–µ –¥–µ—Ç—Å–∫–∏–µ —Ñ–∞–Ω—Ç–∞–∑–∏–∏ —Å—Ç–∞–Ω–æ–≤—è—Ç—Å—è —Ä–µ–∞–ª—å–Ω–æ—Å—Ç—å—é",–û—Ç–¥–∞–π—Ç–µ –ø—Ä–µ–¥–ø–æ—á—Ç–µ–Ω–∏–µ –∫–∞—á–µ—Å—Ç–≤–µ–Ω–Ω—ã–º –∏ –±–µ–∑–æ–ø–∞—Å–Ω—ã–º –∏–≥—Ä–æ–≤—ã–º —Ç–æ–≤–∞—Ä–∞–º –¥–ª—è –≤–∞—à–µ–≥–æ —Ä–µ–±–µ–Ω–∫–∞.,,Play_area,,,,,,
11079,1,–°–≤–µ—Ç–∏–ª—å–Ω–∏–∫–∏,10971,,"–ò–∑—ã—Å–∫–∞–Ω–Ω—ã–µ —Å–≤–µ—Ç–∏–ª—å–Ω–∏–∫–∏, —á—Ç–æ–±—ã —Å–æ–∑–¥–∞—Ç—å –º–∞–≥–∏—á–µ—Å–∫—É—é –∞—Ç–º–æ—Å—Ñ–µ—Ä—É –≤ –¥–µ—Ç—Å–∫–æ–π –∫–æ–º–Ω–∞—Ç–µ",–î–æ–±–∞–≤—å—Ç–µ —è—Ä–∫–æ—Å—Ç—å –∏ —Ç–µ–ø–ª–æ—Ç—É –≤ –¥–µ—Ç—Å–∫—É—é –∫–æ–º–Ω–∞—Ç—É —Å –Ω–∞—à–∏–º–∏ –≤–æ–ª—à–µ–±–Ω—ã–º–∏ —Å–≤–µ—Ç–∏–ª—å–Ω–∏–∫–∞–º–∏!,"–°–æ–∑–¥–∞–π—Ç–µ —É—é—Ç–Ω—É—é –∏ —è—Ä–∫—É—é –∞—Ç–º–æ—Å—Ñ–µ—Ä—É —Å –Ω–∞—à–∏–º–∏ —Å–≤–µ—Ç–∏–ª—å–Ω–∏–∫–∞–º–∏. –†–∞–∑–Ω–æ–æ–±—Ä–∞–∑–Ω—ã–µ –¥–∏–∑–∞–π–Ω—ã –∏ —Å—Ç–∏–ª–∏ —Å–≤–µ—Ç–∏–ª—å–Ω–∏–∫–æ–≤ –ø–æ–º–æ–≥—É—Ç –≤–∞–º –ø–æ–¥–æ–±—Ä–∞—Ç—å –æ—Å–≤–µ—â–µ–Ω–∏–µ, –∫–æ—Ç–æ—Ä–æ–µ –ø–æ–¥—Ö–æ–¥–∏—Ç –¥–ª—è –¥–µ—Ç—Å–∫–æ–π –∫–æ–º–Ω–∞—Ç—ã. –°–≤–µ—Ç–∏–ª—å–Ω–∏–∫–∏, —Å–æ—á–µ—Ç–∞—é—â–∏–µ —Ñ—É–Ω–∫—Ü–∏–æ–Ω–∞–ª—å–Ω–æ—Å—Ç—å –∏ —ç—Å—Ç–µ—Ç–∏—á–µ—Å–∫—É—é –ø—Ä–∏–≤–ª–µ–∫–∞—Ç–µ–ª—å–Ω–æ—Å—Ç—å",,Lighting_fixtures,,,,,,
11227,1,–û–¥–Ω–æ—Å–ø–∞–ª—å–Ω—ã–µ –∫—Ä–æ–≤–∞—Ç–∏,11070,,,,,,,,,,,,
11228,1,–ü–æ–¥—Ä–æ—Å—Ç–∫–æ–≤—ã–µ –∫—Ä–æ–≤–∞—Ç–∏,11070,,,,,,,,,,,,
11229,1,–ö—Ä–æ–≤–∞—Ç–∏-—ç—Ç–∞–∂–µ—Ä–∫–∏ –∏ –≤—ã—Å–æ–∫–∏–µ –∫—Ä–æ–≤–∞—Ç–∏,11070,,,,,,,,,,,,
11230,1,–¢—Ä–µ—É–≥–æ–ª—å–Ω—ã–µ –∏ –ø—Ä—è–º–æ—É–≥–æ–ª—å–Ω—ã–µ –∫—Ä–æ–≤–∞—Ç–∏,11070,,,,,,,,,,,,
11231,1,–†–µ–≥—É–ª–∏—Ä—É–µ–º—ã–µ –∫—Ä–æ–≤–∞—Ç–∏ –¥–ª—è –ø–æ–¥—Ä–æ—Å—Ç–∫–æ–≤,11070,,,,,,,,,,,,
11232,1,–ö—Ä–æ–≤–∞—Ç–∏-—Ç—Ä–∞–Ω—Å—Ñ–æ—Ä–º–µ—Ä—ã,11070,,,,,,,,,,,,
11233,1,–î–µ—Ç—Å–∫–∏–µ –∫—Ä–æ–≤–∞—Ç–∏,11070,,,,,,,,,,,,
10985,1,◊û◊ô◊ò◊ï◊™ ◊ú◊ó◊ì◊® ◊©◊ô◊†◊î,10966,0,,,,,Beds-for-a-bedroom,,,,,,
10986,1,◊û◊ñ◊®◊†◊ô◊ù ◊ê◊ï◊®◊ò◊ï◊§◊ì◊ô◊ô◊ù,10966,0,,,,,Orthopedic-mattresses,,,,,,
10987,1,◊©◊ô◊ì◊ï◊™ ◊ú◊ô◊ú◊î ,10966,0,,,,,Nightstands-next-to-the-bed,,,,,,
10988,1,◊©◊ï◊ú◊ó◊†◊ï◊™ ◊ß◊§◊î / ◊¶◊ì,10966,0,,,,,Coffee-side-tables,,,,,,
10989,1,◊°◊§◊°◊ú◊ô◊ù ◊û◊¢◊ï◊¶◊ë◊ô◊ù,10966,0,,,,,Designed-benches,,,,,,
10990,1,◊©◊ô◊ì◊ï◊™ ◊ú◊ô◊ú◊î | ◊ß◊ï◊û◊ï◊ì◊ï◊™,10966,0,,,,,Chests-commodes,,,,,,
10991,1,◊ß◊ï◊†◊°◊ï◊ú◊ï◊™,10966,0,,,,,consoles,,,,,,
10992,1,◊ê◊®◊ï◊†◊ï◊™ ◊©◊ô◊®◊ï◊™,10966,0,,,,,Utility-cabinets,,,,,,
10993,1,◊î◊ì◊ï◊û◊ô◊ù ◊û◊¢◊ï◊¶◊ë◊ô◊ù,10966,0,,,,,The-likes-are-designed,,,,,,
10994,1,◊ê◊®◊ï◊†◊ï◊™ ◊î◊ñ◊ñ◊î,10966,0,,,,,sliding-doors-closet,,,,,,
10995,1,◊°◊ô◊§◊®◊ô◊ï◊™ ◊ï◊ô◊ó◊ô◊ì◊ï◊™ ◊û◊ì◊§◊ô◊ù,10966,0,,,,,Bookcases-and-shelving-units,,,,,,
11199,1,–ö–æ–Ω—Å–æ–ª–∏ –í—Ö–æ–¥–Ω—ã–µ –∫–æ–º–æ–¥—ã,10967,0,◊ß◊ï◊†◊°◊ï◊ú◊ï◊™ | ◊©◊ô◊ì◊ï◊™ ◊õ◊†◊ô◊°◊î,◊ß◊ï◊†◊°◊ï◊ú◊ï◊™ | ◊©◊ô◊ì◊ï◊™ ◊õ◊†◊ô◊°◊î,,,Consoles-Entrance-chests,,,,,,
11200,1,–°—É–Ω–¥—É–∫–∏ | –∫–æ–º–æ–¥—ã,10967,0,◊©◊ô◊ì◊ï◊™ | ◊ß◊ï◊û◊ï◊ì◊ï◊™,◊©◊ô◊ì◊ï◊™ | ◊ß◊ï◊û◊ï◊ì◊ï◊™,,,Chests-commodes,,,,,,
11201,1,–î–∏–∑–∞–π–Ω–µ—Ä—Å–∫–∏–µ —Å–∫–∞–º–µ–π–∫–∏,10967,0,◊°◊§◊°◊ú◊ô◊ù ◊û◊¢◊ï◊¶◊ë◊ô◊ù,◊°◊§◊°◊ú◊ô◊ù ◊û◊¢◊ï◊¶◊ë◊ô◊ù,,,Designed-benches,,,,,,
11202,1,–ö–Ω–∏–∂–Ω—ã–µ —à–∫–∞—Ñ—ã –∏ —Å—Ç–µ–ª–ª–∞–∂–∏,10967,0,◊°◊ô◊§◊®◊ô◊ï◊™ ◊ï◊ô◊ó◊ô◊ì◊ï◊™ ◊û◊ì◊§◊ô◊ù,◊°◊ô◊§◊®◊ô◊ï◊™ ◊ï◊ô◊ó◊ô◊ì◊ï◊™ ◊û◊ì◊§◊ô◊ù,,,Bookcases-and-shelving-units,,,,,,
11203,1,–ë—ã—Ç–æ–≤—ã–µ —à–∫–∞—Ñ—ã,10967,0,◊ê◊®◊ï◊†◊ï◊™ ◊©◊ô◊®◊ï◊™,◊ê◊®◊ï◊†◊ï◊™ ◊©◊ô◊®◊ï◊™,,,Utility-cabinets,,,,,,
11204,1,–ü–æ–¥—Å—Ç–∞–≤–∫–∏ –¥–ª—è –Ω–æ–≥,10967,0,◊î◊ì◊ï◊û◊ô◊ù ◊û◊¢◊ï◊¶◊ë◊ô◊ù,◊î◊ì◊ï◊û◊ô◊ù ◊û◊¢◊ï◊¶◊ë◊ô◊ù,,,Footrests,,,,,,
10997,1,–°—Ç–æ–ª—ã | –û–±–µ–¥–µ–Ω–Ω—ã–µ –∑–æ–Ω—ã,10968,0,–°—Ç–æ–ª—ã | –û–±–µ–¥–µ–Ω–Ω—ã–µ –∑–æ–Ω—ã,–°—Ç–æ–ª—ã | –û–±–µ–¥–µ–Ω–Ω—ã–µ –∑–æ–Ω—ã,,,Tables-Decorated-dining-areas,,,,,,
10998,1,–î–∏–∑–∞–π–Ω–µ—Ä—Å–∫–∏–µ —Å—Ç—É–ª—å—è,10968,0,–î–∏–∑–∞–π–Ω–µ—Ä—Å–∫–∏–µ —Å—Ç—É–ª—å—è,–î–∏–∑–∞–π–Ω–µ—Ä—Å–∫–∏–µ —Å—Ç—É–ª—å—è,,,Designer-chairs,,,,,,
10999,1,–±–∞—Ä–Ω—ã–µ —Å—Ç–æ–ª—ã,10968,0,–±–∞—Ä–Ω—ã–µ —Å—Ç–æ–ª—ã,–±–∞—Ä–Ω—ã–µ —Å—Ç–æ–ª—ã,,,Bar-tables,,,,,,
11000,1,–±–∞—Ä–Ω—ã–µ —Å—Ç—É–ª—å—è,10968,0,–±–∞—Ä–Ω—ã–µ —Å—Ç—É–ª—å—è,–±–∞—Ä–Ω—ã–µ —Å—Ç—É–ª—å—è,,,Bar-chairs,,,,,,
11001,1,—Å–∫–∞–º–µ–π–∫–∏,10968,0,—Å–∫–∞–º–µ–π–∫–∏,—Å–∫–∞–º–µ–π–∫–∏,,,Benches,,,,,,
11002,1,—à–∫–∞—Ñ—ã –¥–ª—è –≤–∞–Ω–Ω—ã—Ö –∫–æ–º–Ω–∞—Ç,10969,0,—à–∫–∞—Ñ—ã –¥–ª—è –≤–∞–Ω–Ω—ã—Ö –∫–æ–º–Ω–∞—Ç,—à–∫–∞—Ñ—ã –¥–ª—è –≤–∞–Ω–Ω—ã—Ö –∫–æ–º–Ω–∞—Ç,,,Bathroom-closets,,,,,,
11003,1,–ë—ã—Ç–æ–≤—ã–µ —à–∫–∞—Ñ—ã,10969,0,–ë—ã—Ç–æ–≤—ã–µ —à–∫–∞—Ñ—ã,–ë—ã—Ç–æ–≤—ã–µ —à–∫–∞—Ñ—ã,,,Utility-cabinets,,,,,,
11004,1,–î–∏–∑–∞–π–Ω–µ—Ä—Å–∫–∏–µ —Å–∫–∞–º–µ–π–∫–∏,10969,0,–î–∏–∑–∞–π–Ω–µ—Ä—Å–∫–∏–µ —Å–∫–∞–º–µ–π–∫–∏,–î–∏–∑–∞–π–Ω–µ—Ä—Å–∫–∏–µ —Å–∫–∞–º–µ–π–∫–∏,,,Designed-benches,,,,,,
11005,1,–î–∏–∑–∞–π–Ω–µ—Ä—Å–∫–∏–µ —Ä–∞–∫–æ–≤–∏–Ω—ã,10969,0,–î–∏–∑–∞–π–Ω–µ—Ä—Å–∫–∏–µ —Ä–∞–∫–æ–≤–∏–Ω—ã,–î–∏–∑–∞–π–Ω–µ—Ä—Å–∫–∏–µ —Ä–∞–∫–æ–≤–∏–Ω—ã,,,Designed-sinks,,,,,,
11006,1,◊©◊ï◊ú◊ó◊†◊ï◊™ ◊¢◊ë◊ï◊ì◊î,10970,0,,,,,Desks,,,,,,
11007,1,◊õ◊ï◊®◊°◊ê◊ï◊™ ◊î◊û◊™◊†◊î ◊ú◊û◊©◊®◊ì,10970,0,,,,,Waiting-armchairs,,,,,,
11008,1,◊õ◊°◊ê◊ï◊™ ◊û◊©◊®◊ì,10970,0,,,,,Office-chairs,,,,,,
11009,1,◊õ◊°◊ê◊ï◊™ ◊û◊ó◊©◊ë,10970,0,,,,,Computer-chairs,,,,,,
11010,1,◊°◊ô◊§◊®◊ô◊ï◊™ ◊ï◊ô◊ó◊ô◊ì◊ï◊™ ◊û◊ì◊§◊ô◊ù,10970,0,,,,,Bookcases,,,,,,
11011,1,◊©◊ô◊ì◊ï◊™ / ◊ß◊ï◊û◊ï◊ì◊ï◊™,10970,0,,,,,commodes,,,,,,
11015,1,–°–∞–¥–æ–≤—ã–µ —Å—Ç—É–ª—å—è,10972,,–°–∞–¥–æ–≤—ã–µ —Å—Ç—É–ª—å—è,–°–∞–¥–æ–≤—ã–µ —Å—Ç—É–ª—å—è,,"–ú–µ–±–µ–ª—å, –¥–æ–º, —Å–∞–¥,—Å—Ç—É–ª",Garden-chairs,,,,,,
11016,1,–°–∞–¥–æ–≤—ã–µ —Å—Ç–æ–ª—ã,10972,,–°–∞–¥–æ–≤—ã–µ —Å—Ç–æ–ª—ã,–°–∞–¥–æ–≤—ã–µ —Å—Ç–æ–ª—ã,,"–ú–µ–±–µ–ª—å, –¥–æ–º, —Å–∞–¥,—Å—Ç–æ–ª",Garden-tables,,,,,,
11017,1,–°–∞–¥–æ–≤—ã–µ —Å–∫–∞–º–µ–π–∫–∏,10972,,–°–∞–¥–æ–≤—ã–µ —Å–∫–∞–º–µ–π–∫–∏,–°–∞–¥–æ–≤—ã–µ —Å–∫–∞–º–µ–π–∫–∏,,"–ú–µ–±–µ–ª—å, –¥–æ–º, —Å–∞–¥,—Å–∫–∞–º—å—è,—Å–∫–∞–º–µ–π–∫–∞",Garden-seating-systems,,,,,,
11018,1,–ì–æ—Å—Ç–∏–Ω–Ω–∞—è –º–µ–±–µ–ª—å,10973,,–ì–æ—Å—Ç–∏–Ω–Ω–∞—è –º–µ–±–µ–ª—å,–ì–æ—Å—Ç–∏–Ω–Ω–∞—è –º–µ–±–µ–ª—å,,,guest-furniture,,,,,,
11024,1,–î–µ—Ç—Å–∫–∏–µ –∫—Ä–æ–≤–∞—Ç–∏,10971,,–î–µ—Ç—Å–∫–∏–µ –∫—Ä–æ–≤–∞—Ç–∏,–î–µ—Ç—Å–∫–∏–µ –∫—Ä–æ–≤–∞—Ç–∏,,,Childrens-beds,,,,,,
11025,1,–ú–æ–ª–æ–¥–µ–∂–Ω—ã–µ –∫—Ä–æ–≤–∞—Ç–∏,10971,,–ú–æ–ª–æ–¥–µ–∂–Ω—ã–µ –∫—Ä–æ–≤–∞—Ç–∏,–ú–æ–ª–æ–¥–µ–∂–Ω—ã–µ –∫—Ä–æ–≤–∞—Ç–∏,,,Youth-beds,,,,,,
11026,1,–°–º–µ–Ω–∞ —Å—Ç–æ–ª–æ–≤,10971,,–°–º–µ–Ω–∞ —Å—Ç–æ–ª–æ–≤,–°–º–µ–Ω–∞ —Å—Ç–æ–ª–æ–≤,,,Changing-tables,,,,,,
11027,1,–û—Ä—Ç–æ–ø–µ–¥–∏—á–µ—Å–∫–∏–µ –∫–æ–º–ø—å—é—Ç–µ—Ä–Ω—ã–µ –∫—Ä–µ—Å–ª–∞,10971,,–û—Ä—Ç–æ–ø–µ–¥–∏—á–µ—Å–∫–∏–µ –∫–æ–º–ø—å—é—Ç–µ—Ä–Ω—ã–µ –∫—Ä–µ—Å–ª–∞,–û—Ä—Ç–æ–ø–µ–¥–∏—á–µ—Å–∫–∏–µ –∫–æ–º–ø—å—é—Ç–µ—Ä–Ω—ã–µ –∫—Ä–µ—Å–ª–∞,,,Orthopedic-computer-chairs,,,,,,
11081,1,–°—Ç—É–ª—å—è –∏ –∫—Ä–µ—Å–ª–∞ –¥–ª—è —Å–∞–¥–∞,11237,0,"–°—Ç—É–ª—å—è –∏ –∫—Ä–µ—Å–ª–∞ –¥–ª—è —Å–∞–¥–∞: –í —ç—Ç–æ–π –∫–∞—Ç–µ–≥–æ—Ä–∏–∏ –≤—ã –Ω–∞–π–¥–µ—Ç–µ —à–∏—Ä–æ–∫–∏–π –≤—ã–±–æ—Ä —Å—Ç—É–ª—å–µ–≤ –∏ –∫—Ä–µ—Å–µ–ª, —Å–ø–µ—Ü–∏–∞–ª—å–Ω–æ —Ä–∞–∑—Ä–∞–±–æ—Ç–∞–Ω–Ω—ã—Ö –¥–ª—è –∏—Å–ø–æ–ª—å–∑–æ–≤–∞–Ω–∏—è –Ω–∞ –æ—Ç–∫—Ä—ã—Ç—ã—Ö –ø—Ä–æ—Å—Ç—Ä–∞–Ω—Å—Ç–≤–∞—Ö, —Ç–∞–∫–∏—Ö –∫–∞–∫ —Å–∞–¥—ã –∏ —Ç–µ—Ä—Ä–∞—Å—ã. –û–Ω–∏ –º–æ–≥—É—Ç –±—ã—Ç—å –≤—ã–ø–æ–ª–Ω–µ–Ω—ã –∏–∑ —Ä–∞–∑–ª–∏—á–Ω—ã—Ö –º–∞—Ç–µ—Ä–∏–∞–ª–æ–≤, –≤–∫–ª—é—á–∞—è –¥–µ—Ä–µ–≤–æ, –º–µ—Ç–∞–ª–ª, —Ä–æ—Ç–∞–Ω–≥ –∏–ª–∏ –ø–ª–∞—Å—Ç–∏–∫, –∏ –ø—Ä–µ–¥–ª–∞–≥–∞—é—Ç –∫–æ–º—Ñ–æ—Ä—Ç–Ω–æ–µ —Å–∏–¥–µ–Ω—å–µ –¥–ª—è –æ—Ç–¥—ã—Ö–∞ –Ω–∞ —Å–≤–µ–∂–µ–º –≤–æ–∑–¥—É—Ö–µ.",–°–∞–¥–æ–≤–∞—è –º–µ–±–µ–ª—å: —Å—Ç—É–ª—å—è –∏ –∫—Ä–µ—Å–ª–∞ –¥–ª—è –∫–æ–º—Ñ–æ—Ä—Ç–Ω–æ–≥–æ –æ—Ç–¥—ã—Ö–∞ –Ω–∞ –ø—Ä–∏—Ä–æ–¥–µ,"–ù–∞—Å–ª–∞–∂–¥–∞–π—Ç–µ—Å—å –∫–æ–º—Ñ–æ—Ä—Ç–Ω—ã–º –æ—Ç–¥—ã—Ö–æ–º –Ω–∞ –ø—Ä–∏—Ä–æ–¥–µ. –ü–æ—Å–º–æ—Ç—Ä–∏—Ç–µ, –∫–∞–∫–∏–µ —É –Ω–∞—Å –µ—Å—Ç—å —Å—Ç—É–ª—å—è –∏ –∫—Ä–µ—Å–ª–∞ –¥–ª—è —Å–∞–¥–∞",,,,Chairs_and_Sofas,,,,
11082,1,–°—Ç–æ–ª—ã –∏ —Å—Ç–æ–ª–∏–∫–∏,11237,0,"–°—Ç–æ–ª—ã –∏ —Å—Ç–æ–ª–∏–∫–∏: –í —ç—Ç–æ–π –∫–∞—Ç–µ–≥–æ—Ä–∏–∏ –ø—Ä–µ–¥—Å—Ç–∞–≤–ª–µ–Ω—ã —Ä–∞–∑–ª–∏—á–Ω—ã–µ —Å—Ç–æ–ª—ã –∏ —Å—Ç–æ–ª–∏–∫–∏, –∫–æ—Ç–æ—Ä—ã–µ –∏–¥–µ–∞–ª—å–Ω–æ –ø–æ–¥—Ö–æ–¥—è—Ç –¥–ª—è –∏—Å–ø–æ–ª—å–∑–æ–≤–∞–Ω–∏—è –Ω–∞ –æ—Ç–∫—Ä—ã—Ç—ã—Ö –ø—Ä–æ—Å—Ç—Ä–∞–Ω—Å—Ç–≤–∞—Ö. –û–Ω–∏ –º–æ–≥—É—Ç –±—ã—Ç—å –∫—Ä—É–≥–ª—ã–º–∏, –ø—Ä—è–º–æ—É–≥–æ–ª—å–Ω—ã–º–∏, —Å–∫–ª–∞–¥–Ω—ã–º–∏ –∏–ª–∏ —Å —Ñ–∏–∫—Å–∏—Ä–æ–≤–∞–Ω–Ω–æ–π –∫–æ–Ω—Å—Ç—Ä—É–∫—Ü–∏–µ–π, –ø—Ä–µ–¥–ª–∞–≥–∞—è —É–¥–æ–±–Ω–æ–µ –∏ –ø—Ä–æ—á–Ω–æ–µ —Ä–∞–±–æ—á–µ–µ –∏–ª–∏ —Å—Ç–æ–ª–æ–≤–æ–µ –ø—Ä–æ—Å—Ç—Ä–∞–Ω—Å—Ç–≤–æ –¥–ª—è –≤–∞—à–µ–≥–æ —Å–∞–¥–∞ –∏–ª–∏ –¥–≤–æ—Ä–∞.",–†–∞–∑–Ω–æ–æ–±—Ä–∞–∑–∏–µ —Å–∞–¥–æ–≤—ã—Ö —Å—Ç–æ–ª–æ–≤ –∏ —Å—Ç–æ–ª–∏–∫–æ–≤ –¥–ª—è –≤–∞—à–µ–≥–æ —É–¥–æ–±—Å—Ç–≤–∞,–ü–æ–¥–±–µ—Ä–∏—Ç–µ –∏–¥–µ–∞–ª—å–Ω—ã–π —Å—Ç–æ–ª –∏–ª–∏ —Å—Ç–æ–ª–∏–∫ –¥–ª—è –≤–∞—à–µ–≥–æ —Å–∞–¥–∞ –∏–ª–∏ —Ç–µ—Ä—Ä–∞—Å—ã. –®–∏—Ä–æ–∫–∏–π –∞—Å—Å–æ—Ä—Ç–∏–º–µ–Ω—Ç –º–æ–¥–µ–ª–µ–π: –æ—Ç —Å–∫–ª–∞–¥–Ω—ã—Ö –¥–æ —Ñ–∏–∫—Å–∏—Ä–æ–≤–∞–Ω–Ω—ã—Ö,,,,Tables_and_Side_Tables,,,,
11083,1,–®–µ–∑–ª–æ–Ω–≥–∏,11237,0,"–®–µ–∑–ª–æ–Ω–≥–∏: –®–µ–∑–ª–æ–Ω–≥–∏ - —ç—Ç–æ —É–¥–æ–±–Ω—ã–µ –ª–µ–∂–∞–∫–∏, –∫–æ—Ç–æ—Ä—ã–µ –ø–æ–∑–≤–æ–ª—è—é—Ç –≤–∞–º —Ä–∞—Å—Å–ª–∞–±–∏—Ç—å—Å—è –∏ –Ω–∞—Å–ª–∞–¥–∏—Ç—å—Å—è —Å–æ–ª–Ω–µ—á–Ω—ã–º–∏ –ª—É—á–∞–º–∏ –≤ —Å–≤–æ–µ–º —Å–∞–¥—É –∏–ª–∏ –Ω–∞ —Ç–µ—Ä—Ä–∞—Å–µ. –û–Ω–∏ –æ–±—ã—á–Ω–æ –∏–º–µ—é—Ç —Ä–µ–≥—É–ª–∏—Ä—É–µ–º—ã–µ —Å–ø–∏–Ω–∫–∏ –∏ –ø–æ–¥—Å—Ç–∞–≤–∫–∏ –¥–ª—è –Ω–æ–≥, —á—Ç–æ–±—ã –≤—ã –º–æ–≥–ª–∏ –Ω–∞–π—Ç–∏ –Ω–∞–∏–±–æ–ª–µ–µ –∫–æ–º—Ñ–æ—Ä—Ç–Ω–æ–µ –ø–æ–ª–æ–∂–µ–Ω–∏–µ –¥–ª—è –æ—Ç–¥—ã—Ö–∞.",–£—é—Ç–Ω—ã–µ —Å–∞–¥–æ–≤—ã–µ —à–µ–∑–ª–æ–Ω–≥–∏ –¥–ª—è —Ä–∞—Å—Å–ª–∞–±–ª–µ–Ω–Ω–æ–≥–æ –æ—Ç–¥—ã—Ö–∞,–°–æ–∑–¥–∞–π—Ç–µ —É—é—Ç–Ω—É—é –∑–æ–Ω—É –æ—Ç–¥—ã—Ö–∞ –Ω–∞ –æ—Ç–∫—Ä—ã—Ç–æ–º –≤–æ–∑–¥—É—Ö–µ —Å —à–µ–∑–ª–æ–Ω–≥–∞–º–∏. –†–µ–≥—É–ª–∏—Ä—É–µ–º—ã–µ —Å–ø–∏–Ω–∫–∏ –∏ –ø–æ–¥—Å—Ç–∞–≤–∫–∏ –¥–ª—è –Ω–æ–≥ –¥–ª—è –ø–æ–ª–Ω–æ–π —Ä–µ–ª–∞–∫—Å–∞—Ü–∏–∏. –û—Ç–ª–∏—á–Ω—ã–π –≤—ã–±–æ—Ä –¥–ª—è –∑–∞–≥–æ—Ä–∞–Ω–∏—è –∏ –æ—Ç–¥—ã—Ö–∞!,,,,Hammocks_and_Sunbeds,,,,
11084,1,–î–µ—Ç—Å–∫–∏–µ –∏–≥—Ä–æ–≤—ã–µ –ø–ª–æ—â–∞–¥–∫–∏,11237,0,"–î–µ—Ç—Å–∫–∏–µ –∏–≥—Ä–æ–≤—ã–µ –ø–ª–æ—â–∞–¥–∫–∏: –í —ç—Ç–æ–π –∫–∞—Ç–µ–≥–æ—Ä–∏–∏ –ø—Ä–µ–¥—Å—Ç–∞–≤–ª–µ–Ω—ã —Ä–∞–∑–ª–∏—á–Ω—ã–µ –∏–≥—Ä–æ–≤—ã–µ –ø–ª–æ—â–∞–¥–∫–∏ –∏ –æ–±–æ—Ä—É–¥–æ–≤–∞–Ω–∏–µ, —Å–æ–∑–¥–∞–Ω–Ω—ã–µ —Å–ø–µ—Ü–∏–∞–ª—å–Ω–æ –¥–ª—è –¥–µ—Ç–µ–π. –û–Ω–∏ –≤–∫–ª—é—á–∞—é—Ç –≥–æ—Ä–∫–∏, –∫–∞—á–µ–ª–∏, –∫–∞—Ä—É—Å–µ–ª–∏ –∏ –¥—Ä—É–≥–∏–µ —ç–ª–µ–º–µ–Ω—Ç—ã, –∫–æ—Ç–æ—Ä—ã–µ –ø–æ–º–æ–≥—É—Ç –¥–µ—Ç—è–º –ø—Ä–æ–≤–µ—Å—Ç–∏ –∞–∫—Ç–∏–≤–Ω–æ–µ –∏ –≤–µ—Å–µ–ª–æ–µ –≤—Ä–µ–º—è –Ω–∞ —Å–≤–µ–∂–µ–º –≤–æ–∑–¥—É—Ö–µ.",–ë–µ–∑–æ–ø–∞—Å–Ω—ã–µ –∏ —Ä–∞–∑–≤–ª–µ–∫–∞—Ç–µ–ª—å–Ω—ã–µ –¥–µ—Ç—Å–∫–∏–µ –∏–≥—Ä–æ–≤—ã–µ –ø–ª–æ—â–∞–¥–∫–∏ –¥–ª—è —Å–∞–¥–∞,–û–±–µ—Å–ø–µ—á—å—Ç–µ —Å–≤–æ–∏–º –¥–µ—Ç—è–º –≤–µ—Å–µ–ª–æ–µ –≤—Ä–µ–º—è –Ω–∞ —Å–≤–µ–∂–µ–º –≤–æ–∑–¥—É—Ö–µ —Å –Ω–∞—à–∏–º–∏ –¥–µ—Ç—Å–∫–∏–º–∏ –∏–≥—Ä–æ–≤—ã–º–∏ –ø–ª–æ—â–∞–¥–∫–∞–º–∏. –ë–µ–∑–æ–ø–∞—Å–Ω—ã–µ –∏ —Ä–∞–∑–≤–ª–µ–∫–∞—Ç–µ–ª—å–Ω—ã–µ –º–æ–¥–µ–ª–∏.,,,,Playgrounds_and_Equipment,,,,
11085,1,–ë–µ—Å–µ–¥–∫–∏ –∏ –∑–æ–Ω—Ç—ã,11237,0,"–ë–µ—Å–µ–¥–∫–∏ –∏ –∑–æ–Ω—Ç—ã: –ë–µ—Å–µ–¥–∫–∏ –∏ –∑–æ–Ω—Ç—ã –ø—Ä–µ–¥–æ—Å—Ç–∞–≤–ª—è—é—Ç —É–∫—Ä—ã—Ç–∏–µ –æ—Ç —Å–æ–ª–Ω—Ü–∞ –∏ –ø—Ä–µ–¥–Ω–∞–∑–Ω–∞—á–µ–Ω—ã –¥–ª—è —Å–æ–∑–¥–∞–Ω–∏—è –∫–æ–º—Ñ–æ—Ä—Ç–Ω–æ–π –æ–±–ª–∞—Å—Ç–∏ –æ—Ç–¥—ã—Ö–∞ –Ω–∞ –æ—Ç–∫—Ä—ã—Ç–æ–º –≤–æ–∑–¥—É—Ö–µ. –ë–µ—Å–µ–¥–∫–∏ –ø—Ä–µ–¥—Å—Ç–∞–≤–ª—è—é—Ç —Å–æ–±–æ–π –ø–µ—Ä–≥–æ–ª—ã –∏–ª–∏ –Ω–∞–≤–µ—Å—ã, –æ–±—ã—á–Ω–æ —Å –∫—Ä—ã—à–µ–π, –∫–æ—Ç–æ—Ä—ã–µ —Å–æ–∑–¥–∞—é—Ç –ø—Ä–∏—è—Ç–Ω—É—é —Ç–µ–Ω–∏—Å—Ç—É—é –∑–æ–Ω—É, –∞ –∑–æ–Ω—Ç—ã - —ç—Ç–æ –ø–æ—Ä—Ç–∞—Ç–∏–≤–Ω—ã–µ —Å–æ–ª–Ω—Ü–µ–∑–∞—â–∏—Ç–Ω—ã–µ –∫–æ–Ω—Å—Ç—Ä—É–∫—Ü–∏–∏, –∫–æ—Ç–æ—Ä—ã–µ –º–æ–≥—É—Ç –±—ã—Ç—å –ª–µ–≥–∫–æ –ø–µ—Ä–µ–º–µ—â–µ–Ω—ã –∏ —É—Å—Ç–∞–Ω–æ–≤–ª–µ–Ω—ã –≤ –Ω—É–∂–Ω–æ–º –º–µ—Å—Ç–µ.",–£—é—Ç–Ω—ã–µ –∑–æ–Ω—ã –æ—Ç–¥—ã—Ö–∞ –Ω–∞ –æ—Ç–∫—Ä—ã—Ç–æ–º –≤–æ–∑–¥—É—Ö–µ —Å –±–µ—Å–µ–¥–∫–∞–º–∏ –∏ –∑–æ–Ω—Ç–∞–º–∏,–ó–∞—â–∏—Ç–∏—Ç–µ —Å–µ–±—è –æ—Ç —Å–æ–ª–Ω—Ü–∞ —Å –Ω–∞—à–∏–º–∏ —Å–∞–¥–æ–≤—ã–º–∏ –±–µ—Å–µ–¥–∫–∞–º–∏ –∏ –∑–æ–Ω—Ç–∞–º–∏. –°–æ–∑–¥–∞–π—Ç–µ –ø—Ä–∏—è—Ç–Ω—É—é —Ç–µ–Ω—å –Ω–∞ –≤–∞—à–µ–π —Ç–µ—Ä—Ä–∞—Å–µ. –®–∏—Ä–æ–∫–∏–π –≤—ã–±–æ—Ä –º–æ–¥–µ–ª–µ–π –∏ —Ü–≤–µ—Ç–æ–≤!,,,,Pergolas_and_Screens,,,,
11086,1,–ì—Ä–∏–ª—å,11237,0,"–ì—Ä–∏–ª—å: –í —ç—Ç–æ–π –∫–∞—Ç–µ–≥–æ—Ä–∏–∏ –≤—ã –Ω–∞–π–¥–µ—Ç–µ —Ä–∞–∑–ª–∏—á–Ω—ã–µ –≤–∏–¥—ã –≥—Ä–∏–ª–µ–π –∏ –ø—Ä–∏–Ω–∞–¥–ª–µ–∂–Ω–æ—Å—Ç–µ–π –¥–ª—è –ø—Ä–∏–≥–æ—Ç–æ–≤–ª–µ–Ω–∏—è –ø–∏—â–∏ –Ω–∞ –æ—Ç–∫—Ä—ã—Ç–æ–º –≤–æ–∑–¥—É—Ö–µ. –û–Ω–∏ –≤–∫–ª—é—á–∞—é—Ç –≥–∞–∑–æ–≤—ã–µ –≥—Ä–∏–ª–∏, —É–≥–æ–ª—å–Ω—ã–µ –≥—Ä–∏–ª–∏, —ç–ª–µ–∫—Ç—Ä–∏—á–µ—Å–∫–∏–µ –≥—Ä–∏–ª–∏ –∏ –¥—Ä—É–≥–∏–µ —Ç–∏–ø—ã –≥—Ä–∏–ª–µ–π, –∫–æ—Ç–æ—Ä—ã–µ –ø–æ–∑–≤–æ–ª—è—é—Ç –≤–∞–º –≥–æ—Ç–æ–≤–∏—Ç—å —Å–≤–µ–∂—É—é –∏ –≤–∫—É—Å–Ω—É—é –ø–∏—â—É –≤ —Å–∞–¥—É –∏–ª–∏ –Ω–∞ —Ç–µ—Ä—Ä–∞—Å–µ.",–ì–æ—Ç–æ–≤—å—Ç–µ –≤–∫—É—Å–Ω—ã–µ –±–ª—é–¥–∞ –Ω–∞ —Å–∞–¥–æ–≤–æ–º –≥—Ä–∏–ª–µ,"–ü—Ä–∏–≥–æ—Ç–æ–≤—å—Ç–µ –≤–∫—É—Å–Ω—ã–µ –±–ª—é–¥–∞ –Ω–∞ –Ω–∞—à–µ–º —Å–∞–¥–æ–≤–æ–º –≥—Ä–∏–ª–µ. –®–∏—Ä–æ–∫–∏–π –≤—ã–±–æ—Ä –≥–∞–∑–æ–≤—ã—Ö, —É–≥–æ–ª—å–Ω—ã—Ö –∏ —ç–ª–µ–∫—Ç—Ä–∏—á–µ—Å–∫–∏—Ö –≥—Ä–∏–ª–µ–π. –ò–¥–µ–∞–ª—å–Ω–æ –¥–ª—è –±–∞—Ä–±–µ–∫—é –∏ –æ—Ç–∫—Ä—ã—Ç—ã—Ö –≤–µ—á–µ—Ä–∏–Ω–æ–∫!",,,,BBQ_Stations_and_Outdoor_Kitchens,,,,
11087,1,–°–∞–¥–æ–≤—ã–π –∏–Ω–≤–µ–Ω—Ç–∞—Ä—å,11237,,"–°–∞–¥–æ–≤—ã–π –∏–Ω–≤–µ–Ω—Ç–∞—Ä—å: –í —ç—Ç–æ–π –∫–∞—Ç–µ–≥–æ—Ä–∏–∏ –ø—Ä–µ–¥—Å—Ç–∞–≤–ª–µ–Ω—ã —Ä–∞–∑–ª–∏—á–Ω—ã–µ —Å–∞–¥–æ–≤—ã–µ –∏–Ω—Å—Ç—Ä—É–º–µ–Ω—Ç—ã, –∞–∫—Å–µ—Å—Å—É–∞—Ä—ã –∏ –æ–±–æ—Ä—É–¥–æ–≤–∞–Ω–∏–µ, –Ω–µ–æ–±—Ö–æ–¥–∏–º—ã–µ –¥–ª—è —É—Ö–æ–¥–∞ –∑–∞ —Å–∞–¥–æ–º –∏ –æ–±–ª–∞–≥–æ—Ä–∞–∂–∏–≤–∞–Ω–∏—è –µ–≥–æ. –≠—Ç–æ –º–æ–∂–µ—Ç –≤–∫–ª—é—á–∞—Ç—å —Å–∞–¥–æ–≤—ã–µ –∏–Ω—Å—Ç—Ä—É–º–µ–Ω—Ç—ã, –ø–æ–ª–∏–≤–æ—á–Ω–æ–µ –æ–±–æ—Ä—É–¥–æ–≤–∞–Ω–∏–µ, –≥–æ—Ä—à–∫–∏ –¥–ª—è —Ä–∞—Å—Ç–µ–Ω–∏–π, —Å–∞–¥–æ–≤—ã–µ —Ñ–∏–≥—É—Ä—ã –∏ –¥—Ä—É–≥–∏–µ –∞–∫—Å–µ—Å—Å—É–∞—Ä—ã, –∫–æ—Ç–æ—Ä—ã–µ –ø–æ–º–æ–≥—É—Ç –≤–∞–º —Å–æ–∑–¥–∞—Ç—å —É—Ö–æ–∂–µ–Ω–Ω—ã–π –∏ –ø—Ä–∏–≤–ª–µ–∫–∞—Ç–µ–ª—å–Ω—ã–π —Å–∞–¥.",–ü–æ–ª–Ω—ã–π –Ω–∞–±–æ—Ä —Å–∞–¥–æ–≤–æ–≥–æ –∏–Ω–≤–µ–Ω—Ç–∞—Ä—è,"–ù–∞–π–¥–∏—Ç–µ –≤—Å–µ –Ω–µ–æ–±—Ö–æ–¥–∏–º–æ–µ –¥–ª—è —É—Ö–æ–¥–∞ –∑–∞ —Å–∞–¥–æ–º –≤ –Ω–∞—à–µ–π –∫–∞—Ç–µ–≥–æ—Ä–∏–∏ —Å–∞–¥–æ–≤–æ–≥–æ –∏–Ω–≤–µ–Ω—Ç–∞—Ä—è. –ò–Ω—Å—Ç—Ä—É–º–µ–Ω—Ç—ã, –ø–æ–ª–∏–≤–æ—á–Ω–æ–µ –æ–±–æ—Ä—É–¥–æ–≤–∞–Ω–∏–µ –∏ –∞–∫—Å–µ—Å—Å—É–∞—Ä—ã –¥–ª—è –≤–∞—à–µ–≥–æ —Å–∞–¥–∞.",,,,Garden_Tools_and_Accessories,,,,
11019,1,–ü–æ–¥–≤–µ—Å–Ω—ã–µ –ª–∞–º–ø—ã,11235,0,"Hanging lamps (–ü–æ–¥–≤–µ—Å–Ω—ã–µ –ª–∞–º–ø—ã): –ü–æ–¥–≤–µ—Å–Ω—ã–µ –ª–∞–º–ø—ã ‚Äî —ç—Ç–æ —Å—Ç–∏–ª—å–Ω—ã–µ –∏ —Ñ—É–Ω–∫—Ü–∏–æ–Ω–∞–ª—å–Ω—ã–µ —Å–≤–µ—Ç–∏–ª—å–Ω–∏–∫–∏, –∫–æ—Ç–æ—Ä—ã–µ –≤–∏—Å—è—Ç —Å –ø–æ—Ç–æ–ª–∫–∞ –∏ –æ–±–µ—Å–ø–µ—á–∏–≤–∞—é—Ç —Ä–∞–≤–Ω–æ–º–µ—Ä–Ω–æ–µ –æ—Å–≤–µ—â–µ–Ω–∏–µ –≤ –∫–æ–º–Ω–∞—Ç–µ. –û–Ω–∏ –¥–æ—Å—Ç—É–ø–Ω—ã –≤ —Ä–∞–∑–Ω—ã—Ö –¥–∏–∑–∞–π–Ω–∞—Ö, —Ä–∞–∑–º–µ—Ä–∞—Ö –∏ –º–∞—Ç–µ—Ä–∏–∞–ª–∞—Ö, —á—Ç–æ –ø–æ–∑–≤–æ–ª—è–µ—Ç –≤—ã–±—Ä–∞—Ç—å –ø–æ–¥—Ö–æ–¥—è—â–∏–π –≤–∞—Ä–∏–∞–Ω—Ç –¥–ª—è –ª—é–±–æ–≥–æ –∏–Ω—Ç–µ—Ä—å–µ—Ä–∞.",,,,hanging_lamps,,,,,,
11020,1,–¢–æ—Ä—à–µ—Ä—ã,11235,0,"Standing lamps (–ù–∞–ø–æ–ª—å–Ω—ã–µ –ª–∞–º–ø—ã): –ù–∞–ø–æ–ª—å–Ω—ã–µ –ª–∞–º–ø—ã, –∏–ª–∏ —Ç–æ—Ä—à–µ—Ä—ã, —è–≤–ª—è—é—Ç—Å—è —Å–∞–º–æ—Å—Ç–æ—è—Ç–µ–ª—å–Ω—ã–º–∏ —Å–≤–µ—Ç–∏–ª—å–Ω–∏–∫–∞–º–∏, –∫–æ—Ç–æ—Ä—ã–µ –º–æ–≥—É—Ç –±—ã—Ç—å —Ä–∞—Å–ø–æ–ª–æ–∂–µ–Ω—ã –≤ –ª—é–±–æ–π —É–≥–æ–ª–æ–∫ –∫–æ–º–Ω–∞—Ç—ã. –û–Ω–∏ –æ–±–µ—Å–ø–µ—á–∏–≤–∞—é—Ç –∫–æ–º—Ñ–æ—Ä—Ç–Ω–æ–µ –æ—Å–≤–µ—â–µ–Ω–∏–µ –∏ –º–æ–≥—É—Ç —Å–ª—É–∂–∏—Ç—å –∫–∞–∫ –¥–æ–ø–æ–ª–Ω–∏—Ç–µ–ª—å–Ω—ã–π –∏—Å—Ç–æ—á–Ω–∏–∫ —Å–≤–µ—Ç–∞ –∏–ª–∏ —Å–æ–∑–¥–∞–≤–∞—Ç—å –∞—Ç–º–æ—Å—Ñ–µ—Ä—É –≤ –ø–æ–º–µ—â–µ–Ω–∏–∏.",,,,standing_lamps,,,,,,
11021,1,–ù–∞—Å—Ç–æ–ª—å–Ω—ã–µ –ª–∞–º–ø—ã,11235,0,"Table lamps (–ù–∞—Å—Ç–æ–ª—å–Ω—ã–µ –ª–∞–º–ø—ã): –ù–∞—Å—Ç–æ–ª—å–Ω—ã–µ –ª–∞–º–ø—ã ‚Äî —ç—Ç–æ —É–Ω–∏–≤–µ—Ä—Å–∞–ª—å–Ω—ã–π –≤—ã–±–æ—Ä –¥–ª—è –¥–æ–±–∞–≤–ª–µ–Ω–∏—è –æ—Å–≤–µ—â–µ–Ω–∏—è –Ω–∞ —Å—Ç–æ–ª—ã, –ø—Ä–∏–∫—Ä–æ–≤–∞—Ç–Ω—ã–µ —Ç—É–º–±–æ—á–∫–∏ –∏–ª–∏ –¥—Ä—É–≥–∏–µ –ø–æ–≤–µ—Ä—Ö–Ω–æ—Å—Ç–∏. –û–Ω–∏ —Å–æ–∑–¥–∞—é—Ç –º—è–≥–∫–∏–π –∏ —É—é—Ç–Ω—ã–π —Å–≤–µ—Ç –∏ —è–≤–ª—è—é—Ç—Å—è –∏–¥–µ–∞–ª—å–Ω—ã–º —Ä–µ—à–µ–Ω–∏–µ–º –¥–ª—è —á—Ç–µ–Ω–∏—è, —Ä–∞–±–æ—Ç—ã –∏–ª–∏ —Å–æ–∑–¥–∞–Ω–∏—è –∞—Ç–º–æ—Å—Ñ–µ—Ä—ã –≤ –ø–æ–º–µ—â–µ–Ω–∏–∏.",,,,table_lamps,,,,,,
11022,1,–ù–∞—Å—Ç–µ–Ω–Ω—ã–µ —Å–≤–µ—Ç–∏–ª—å–Ω–∏–∫–∏,11235,0,"Wall light (–ù–∞—Å—Ç–µ–Ω–Ω—ã–µ —Å–≤–µ—Ç–∏–ª—å–Ω–∏–∫–∏): –ù–∞—Å—Ç–µ–Ω–Ω—ã–µ —Å–≤–µ—Ç–∏–ª—å–Ω–∏–∫–∏, —Ç–∞–∫–∂–µ –∏–∑–≤–µ—Å—Ç–Ω—ã–µ –∫–∞–∫ –±—Ä–∞, —É—Å—Ç–∞–Ω–∞–≤–ª–∏–≤–∞—é—Ç—Å—è –Ω–∞ —Å—Ç–µ–Ω—ã –∏ –ø—Ä–µ–¥–æ—Å—Ç–∞–≤–ª—è—é—Ç –Ω–∞–ø—Ä–∞–≤–ª–µ–Ω–Ω–æ–µ –∏–ª–∏ –æ–±—â–µ–µ –æ—Å–≤–µ—â–µ–Ω–∏–µ. –û–Ω–∏ –º–æ–≥—É—Ç —Å–ª—É–∂–∏—Ç—å –∫–∞–∫ —Ñ—É–Ω–∫—Ü–∏–æ–Ω–∞–ª—å–Ω—ã–π –∏—Å—Ç–æ—á–Ω–∏–∫ —Å–≤–µ—Ç–∞ –∏–ª–∏ –¥–µ–∫–æ—Ä–∞—Ç–∏–≤–Ω—ã–π —ç–ª–µ–º–µ–Ω—Ç, –¥–æ–±–∞–≤–ª—è—è —Å—Ç–∏–ª—å –∏ —ç–ª–µ–≥–∞–Ω—Ç–Ω–æ—Å—Ç—å –≤ –∫–æ—Ä–∏–¥–æ—Ä—ã, –≥–æ—Å—Ç–∏–Ω—ã–µ, —Å–ø–∞–ª—å–Ω–∏ –∏–ª–∏ –æ—Ç–∫—Ä—ã—Ç—ã–µ –ø—Ä–æ—Å—Ç—Ä–∞–Ω—Å—Ç–≤–∞.",,,,wall_light,,,,,,
11023,1,–ù–∞—Ä—É–∂–Ω–æ–µ –æ—Å–≤–µ—â–µ–Ω–∏–µ,11235,0,"Outdoor lighting (–ù–∞—Ä—É–∂–Ω–æ–µ –æ—Å–≤–µ—â–µ–Ω–∏–µ): –ö–∞—Ç–µ–≥–æ—Ä–∏—è –Ω–∞—Ä—É–∂–Ω–æ–≥–æ –æ—Å–≤–µ—â–µ–Ω–∏—è –≤–∫–ª—é—á–∞–µ—Ç –≤ —Å–µ–±—è —Å–≤–µ—Ç–∏–ª—å–Ω–∏–∫–∏ –∏ –ø—Ä–æ–∂–µ–∫—Ç–æ—Ä—ã, —Å–ø–µ—Ü–∏–∞–ª—å–Ω–æ —Ä–∞–∑—Ä–∞–±–æ—Ç–∞–Ω–Ω—ã–µ –¥–ª—è –∏—Å–ø–æ–ª—å–∑–æ–≤–∞–Ω–∏—è –Ω–∞ —É–ª–∏—Ü–µ. –û–Ω–∏ –æ–±–µ—Å–ø–µ—á–∏–≤–∞—é—Ç –æ—Å–≤–µ—â–µ–Ω–∏–µ –Ω–∞ –æ—Ç–∫—Ä—ã—Ç—ã—Ö —Ç–µ—Ä—Ä–∏—Ç–æ—Ä–∏—è—Ö, —Ç–∞–∫–∏—Ö –∫–∞–∫ –¥–≤–æ—Ä—ã, —Å–∞–¥—ã, –∞–ª–ª–µ–∏ –∏–ª–∏ —Ç–µ—Ä—Ä–∞—Å—ã, —Å–æ–∑–¥–∞–≤–∞—è –±–µ–∑–æ–ø–∞—Å–Ω—É—é –∏ –ø—Ä–∏–≤–ª–µ–∫–∞—Ç–µ–ª—å–Ω—É—é –∞—Ç–º–æ—Å—Ñ–µ—Ä—É.",,,,outdoor_lighting,,,,,,
11174,1,–ö–æ–≤—Ä—ã –¥–ª—è –∫—É—Ö–Ω–∏,11039,0,"–ö–æ–≤—Ä—ã –¥–ª—è –∫—É—Ö–Ω–∏:
–û–±—Ä–∞—Ç–∏—Ç–µ –≤–Ω–∏–º–∞–Ω–∏–µ –Ω–∞ –Ω–∞—à–∏ –∫—Ä–∞—Å–∏–≤—ã–µ –∫–æ–≤—Ä—ã –¥–ª—è –∫—É—Ö–Ω–∏, –∫–æ—Ç–æ—Ä—ã–µ –¥–æ–±–∞–≤—è—Ç —Å—Ç–∏–ª—å –∏ –∫–æ–º—Ñ–æ—Ä—Ç –≤ –≤–∞—à—É –∫—É—Ö–Ω—é. –ò–∑—ã—Å–∫–∞–Ω–Ω—ã–µ –¥–∏–∑–∞–π–Ω—ã –∏ –ø—Ä–æ—á–Ω—ã–µ –º–∞—Ç–µ—Ä–∏–∞–ª—ã –≥–∞—Ä–∞–Ω—Ç–∏—Ä—É—é—Ç, —á—Ç–æ —ç—Ç–∏ –∫–æ–≤—Ä—ã –±—É–¥—É—Ç –Ω–µ —Ç–æ–ª—å–∫–æ —ç—Å—Ç–µ—Ç–∏—á–µ—Å–∫–∏ –ø—Ä–∏–≤–ª–µ–∫–∞—Ç–µ–ª—å–Ω—ã–º–∏, –Ω–æ –∏ —Ñ—É–Ω–∫—Ü–∏–æ–Ω–∞–ª—å–Ω—ã–º–∏. –°–æ–∑–¥–∞–π—Ç–µ —É—é—Ç–Ω—É—é –∞—Ç–º–æ—Å—Ñ–µ—Ä—É –≤ —Å–≤–æ–µ–π –∫—É—Ö–Ω–µ —Å –Ω–∞—à–∏–º–∏ –∫–æ–≤—Ä–∞–º–∏ –¥–ª—è –∫—É—Ö–Ω–∏.","–ö–æ–≤—Ä—ã –¥–ª—è –∫—É—Ö–Ω–∏: –∫—Ä–∞—Å–∏–≤—ã–µ –∏ —Ñ—É–Ω–∫—Ü–∏–æ–Ω–∞–ª—å–Ω—ã–µ, –¥–ª—è —Å–æ–∑–¥–∞–Ω–∏—è —Å—Ç–∏–ª—å–Ω–æ–π –∞—Ç–º–æ—Å—Ñ–µ—Ä—ã","–ü—Ä–µ–¥–ª–∞–≥–∞–µ–º –æ–±—Ä–∞—Ç–∏—Ç—å –≤–Ω–∏–º–∞–Ω–∏–µ –Ω–∞ –Ω–∞—à—É —à–∏—Ä–æ–∫—É—é –∫–æ–ª–ª–µ–∫—Ü–∏—é –∫–æ–≤—Ä–æ–≤ –¥–ª—è –∫—É—Ö–Ω–∏, –∫–æ—Ç–æ—Ä—ã–µ –Ω–µ —Ç–æ–ª—å–∫–æ –¥–æ–±–∞–≤—è—Ç —Å—Ç–∏–ª—å –∏ —ç–ª–µ–≥–∞–Ω—Ç–Ω–æ—Å—Ç—å –≤ –≤–∞—à—É –∫—É—Ö–æ–Ω–Ω—É—é –æ–±—Å—Ç–∞–Ω–æ–≤–∫—É, –Ω–æ –∏ –ø—Ä–µ–¥–æ—Å—Ç–∞–≤—è—Ç –∫–æ–º—Ñ–æ—Ä—Ç –ø—Ä–∏ –µ–∂–µ–¥–Ω–µ–≤–Ω—ã—Ö –∑–∞–¥–∞—á–∞—Ö","–∫–æ–≤—Ä—ã –¥–ª—è –∫—É—Ö–Ω–∏,–ö—É—Ö–Ω—è, –∫–æ–≤—Ä—ã, –¥–∏–∑–∞–π–Ω –∫—É—Ö–Ω–∏, —É–¥–æ–±—Å—Ç–≤–æ, —Å—Ç–æ–π–∫–æ—Å—Ç—å, —ç–∫–æ–ª–æ–≥–∏—á–Ω–æ—Å—Ç—å, –ª–µ–≥–∫–æ—Å—Ç—å –æ—á–∏—Å—Ç–∫–∏, —É—Å—Ç–æ–π—á–∏–≤–æ—Å—Ç—å –∫ –∂–∏—Ä—É, —É—Å—Ç–æ–π—á–∏–≤–æ—Å—Ç—å –∫ –ø—è—Ç–Ω–∞–º, —Å–æ–≤—Ä–µ–º–µ–Ω–Ω—ã–π –≤–∏–¥, –∫–æ–º—Ñ–æ—Ä—Ç",Carpets_for_the_kitchen,,,,,,
11175,1,–ö–æ–≤—Ä—ã –¥–ª—è –≥–æ—Å—Ç–∏–Ω–æ–π,11039,0,"–ö–æ–≤—Ä—ã –¥–ª—è –≥–æ—Å—Ç–∏–Ω–æ–π:
–î–æ–±–∞–≤—å—Ç–µ —à–∞—Ä–º–∞ –∏ —É—é—Ç–∞ –≤ —Å–≤–æ—é –≥–æ—Å—Ç–∏–Ω—É—é —Å –Ω–∞—à–∏–º–∏ —Å—Ç–∏–ª—å–Ω—ã–º–∏ –∫–æ–≤—Ä–∞–º–∏. –í—ã–±–∏—Ä–∞–π—Ç–µ –∏–∑ —Ä–∞–∑–Ω–æ–æ–±—Ä–∞–∑–Ω—ã—Ö –¥–∏–∑–∞–π–Ω–æ–≤, —Ü–≤–µ—Ç–æ–≤ –∏ —Ç–µ–∫—Å—Ç—É—Ä, —á—Ç–æ–±—ã –ø–æ–¥—á–µ—Ä–∫–Ω—É—Ç—å –≤–∞—à –∏–Ω—Ç–µ—Ä—å–µ—Ä –∏ —Å–æ–∑–¥–∞—Ç—å –ø—Ä–∏–≤–ª–µ–∫–∞—Ç–µ–ª—å–Ω–æ–µ –ø—Ä–æ—Å—Ç—Ä–∞–Ω—Å—Ç–≤–æ –¥–ª—è –æ—Ç–¥—ã—Ö–∞ –∏ —Ä–∞–∑–≤–ª–µ—á–µ–Ω–∏–π. –ù–∞—à–∏ –∫–æ–≤—Ä—ã –¥–ª—è –≥–æ—Å—Ç–∏–Ω–æ–π –æ—Ç–ª–∏—á–∞—é—Ç—Å—è –≤—ã—Å–æ–∫–∏–º –∫–∞—á–µ—Å—Ç–≤–æ–º –∏ –∏–∑–Ω–æ—Å–æ—Å—Ç–æ–π–∫–æ—Å—Ç—å—é, —á—Ç–æ–±—ã –ø—Ä–æ—Å–ª—É–∂–∏—Ç—å –≤–∞–º –¥–æ–ª–≥–∏–µ –≥–æ–¥—ã.",–ö–æ–≤—Ä—ã –¥–ª—è –≥–æ—Å—Ç–∏–Ω–æ–π: —à–∞—Ä–º –∏ —É—é—Ç –≤ –≤–∞—à–µ–º –∏–Ω—Ç–µ—Ä—å–µ—Ä–µ,"–£ –Ω–∞—Å –≤—ã –Ω–∞–π–¥–µ—Ç–µ —Å—Ç–∏–ª—å–Ω—ã–µ –∫–æ–≤—Ä—ã, –∫–æ—Ç–æ—Ä—ã–µ —Å—Ç–∞–Ω—É—Ç –∏–¥–µ–∞–ª—å–Ω—ã–º –∞–∫—Ü–µ–Ω—Ç–æ–º –¥–ª—è –≤–∞—à–µ–≥–æ –≥–æ—Å—Ç–∏–Ω–æ–≥–æ –ø–æ–º–µ—â–µ–Ω–∏—è. –ù–∞—à–∞ –∫–æ–ª–ª–µ–∫—Ü–∏—è –≤–∫–ª—é—á–∞–µ—Ç —Ä–∞–∑–Ω–æ–æ–±—Ä–∞–∑–Ω—ã–µ –¥–∏–∑–∞–π–Ω—ã, —Ü–≤–µ—Ç–∞ –∏ —Ç–µ–∫—Å—Ç—É—Ä—ã, —á—Ç–æ–±—ã –≤—ã –º–æ–≥–ª–∏ –ø–æ–¥–æ–±—Ä–∞—Ç—å –∫–æ–≤–µ—Ä, –∏–¥–µ–∞–ª—å–Ω–æ —Å–æ—á–µ—Ç–∞—é—â–∏–π—Å—è —Å –≤–∞—à–∏–º –∏–Ω—Ç–µ—Ä—å–µ—Ä–æ–º","–ö–æ–≤—Ä—ã –¥–ª—è –≥–æ—Å—Ç–∏–Ω–æ–π,–ì–æ—Å—Ç–∏–Ω–∞—è, –∫–æ–≤—Ä—ã, –¥–∏–∑–∞–π–Ω –≥–æ—Å—Ç–∏–Ω–æ–π, –∫–æ–º—Ñ–æ—Ä—Ç, –∫–∞—á–µ—Å—Ç–≤–æ, –ø—Ä–æ—á–Ω–æ—Å—Ç—å, —Ä–∞–∑–Ω—ã–µ —Ä–∞–∑–º–µ—Ä—ã, —Ü–≤–µ—Ç–æ–≤–æ–µ —Ä–∞–∑–Ω–æ–æ–±—Ä–∞–∑–∏–µ, —Å–æ–≤—Ä–µ–º–µ–Ω–Ω—ã–π –≤–∏–¥, –∫–ª–∞—Å—Å–∏—á–µ—Å–∫–∏–π –≤–∏–¥, —Ç–µ–∫—Å—Ç—É—Ä—ã, —ç–∫–æ–ª–æ–≥–∏—á–Ω–æ—Å—Ç—å, —Å—Ç–æ–π–∫–æ—Å—Ç—å –∫ —Å—Ç–∏—Ä–∫–µ, —Å—É—Ö–∞—è —á–∏—Å—Ç–∫–∞",Carpets_for_the_living_room,,,,,,
11176,1,–ö–æ–≤—Ä—ã –¥–ª—è —Å–ø–∞–ª—å–Ω–∏,11039,0,"–ö–æ–≤—Ä—ã –¥–ª—è —Å–ø–∞–ª—å–Ω–∏:
–°–æ–∑–¥–∞–π—Ç–µ —É—é—Ç–Ω—É—é –∏ —Ä–∞—Å—Å–ª–∞–±–ª—è—é—â—É—é –∞—Ç–º–æ—Å—Ñ–µ—Ä—É –≤ —Å–≤–æ–µ–π —Å–ø–∞–ª—å–Ω–µ —Å –Ω–∞—à–∏–º–∏ –º—è–≥–∫–∏–º–∏ –∏ –∫–æ–º—Ñ–æ—Ä—Ç–Ω—ã–º–∏ –∫–æ–≤—Ä–∞–º–∏. –ò—Å–ø–æ–ª—å–∑—É—è –Ω–µ–∂–Ω—ã–µ —Ü–≤–µ—Ç–∞ –∏ –ø—Ä–∏—è—Ç–Ω—ã–µ –Ω–∞ –æ—â—É–ø—å –º–∞—Ç–µ—Ä–∏–∞–ª—ã, –Ω–∞—à–∏ –∫–æ–≤—Ä—ã –¥–ª—è —Å–ø–∞–ª—å–Ω–∏ –ø–æ–º–æ–≥—É—Ç –≤–∞–º —Å–æ–∑–¥–∞—Ç—å –∏–¥–µ–∞–ª—å–Ω–æ–µ –º–µ—Å—Ç–æ –¥–ª—è –æ—Ç–¥—ã—Ö–∞ –∏ —Ä–µ–ª–∞–∫—Å–∞—Ü–∏–∏. –î–æ–±–∞–≤—å—Ç–µ —à—Ç—Ä–∏—Ö —ç–ª–µ–≥–∞–Ω—Ç–Ω–æ—Å—Ç–∏ –∏ –∫–æ–º—Ñ–æ—Ä—Ç–∞ –≤ –≤–∞—à—É —Å–ø–∞–ª—å–Ω—é —Å –Ω–∞—à–∏–º–∏ –∫–æ–≤—Ä–∞–º–∏ –¥–ª—è —Å–ø–∞–ª—å–Ω–∏.",–ú—è–≥–∫–∏–µ –∏ –∫–æ–º—Ñ–æ—Ä—Ç–Ω—ã–µ –∫–æ–≤—Ä—ã –¥–ª—è —Å–ø–∞–ª—å–Ω–∏: —Å–æ–∑–¥–∞–π—Ç–µ —É—é—Ç–Ω—É—é –∞—Ç–º–æ—Å—Ñ–µ—Ä—É,–º—è–≥–∫–∏–µ –∏ –∫–æ–º—Ñ–æ—Ä—Ç–Ω—ã–µ –∫–æ–≤—Ä—ã –¥–ª—è —Å–ø–∞–ª—å–Ω–∏ —Å–æ–∑–¥–∞–¥—É—Ç –∏–¥–µ–∞–ª—å–Ω—É—é –∞—Ç–º–æ—Å—Ñ–µ—Ä—É –¥–ª—è –≤–∞—à–µ–≥–æ –æ—Ç–¥—ã—Ö–∞. –ù–µ–∂–Ω—ã–µ —Ü–≤–µ—Ç–∞ –∏ –ø—Ä–∏—è—Ç–Ω—ã–µ –Ω–∞ –æ—â—É–ø—å –º–∞—Ç–µ—Ä–∏–∞–ª—ã –ø–æ–∑–≤–æ–ª—è—Ç –≤–∞–º –æ–∫—É–Ω—É—Ç—å—Å—è –≤ –º–∏—Ä —Å–ø–æ–∫–æ–π—Å—Ç–≤–∏—è –∏ —Ä–µ–ª–∞–∫—Å–∞—Ü–∏–∏,"–ö–æ–≤—Ä—ã –¥–ª—è —Å–ø–∞–ª—å–Ω–∏,–°–ø–∞–ª—å–Ω—è, –∫–æ–≤—Ä—ã, –¥–∏–∑–∞–π–Ω —Å–ø–∞–ª—å–Ω–∏, –∞—Ä–æ–º–∞—Ç—ã, –∫–æ–º—Ñ–æ—Ä—Ç, –º—è–≥–∫–æ—Å—Ç—å, —Ä–æ–º–∞–Ω—Ç–∏—á–µ—Å–∫–∏–π –≤–∏–¥, —Å–æ–≤—Ä–µ–º–µ–Ω–Ω—ã–π –≤–∏–¥, –∫–ª–∞—Å—Å–∏—á–µ—Å–∫–∏–π –≤–∏–¥, —Ü–≤–µ—Ç–æ–≤–æ–µ —Ä–∞–∑–Ω–æ–æ–±—Ä–∞–∑–∏–µ, –ø—Ä–æ—á–Ω–æ—Å—Ç—å, –∫–∞—á–µ—Å—Ç–≤–æ, —ç–∫–æ–ª–æ–≥–∏—á–Ω–æ—Å—Ç—å, —Ç–µ–ø–ª–æ—Ç–∞, —É—é—Ç",Bedroom_carpets,,,,,,
11177,1,–ö–æ–≤—Ä—ã –¥–ª—è –¥–µ—Ç—Å–∫–æ–π –∫–æ–º–Ω–∞—Ç—ã,11039,0,"–ö–æ–≤—Ä—ã –¥–ª—è –¥–µ—Ç—Å–∫–æ–π –∫–æ–º–Ω–∞—Ç—ã:
–°–¥–µ–ª–∞–π—Ç–µ –¥–µ—Ç—Å–∫—É—é –∫–æ–º–Ω–∞—Ç—É –µ—â–µ –±–æ–ª–µ–µ —É—é—Ç–Ω–æ–π –∏ –≤–µ—Å–µ–ª–æ–π —Å –Ω–∞—à–∏–º–∏ –∫–æ–≤—Ä–∞–º–∏ –¥–ª—è –¥–µ—Ç—Å–∫–æ–π. –° —è—Ä–∫–∏–º–∏ —Ü–≤–µ—Ç–∞–º–∏, –∏–Ω—Ç–µ—Ä–µ—Å–Ω—ã–º–∏ —Ä–∏—Å—É–Ω–∫–∞–º–∏ –∏ –º—è–≥–∫–∏–º–∏ –º–∞—Ç–µ—Ä–∏–∞–ª–∞–º–∏, —ç—Ç–∏ –∫–æ–≤—Ä—ã —Å–æ–∑–¥–∞–¥—É—Ç –±–µ–∑–æ–ø–∞—Å–Ω–æ–µ –∏ –∫–æ–º—Ñ–æ—Ä—Ç–Ω–æ–µ –ø—Ä–æ—Å—Ç—Ä–∞–Ω—Å—Ç–≤–æ –¥–ª—è –∏–≥—Ä –∏ —Ç–≤–æ—Ä—á–µ—Å—Ç–≤–∞ –≤–∞—à–µ–≥–æ —Ä–µ–±–µ–Ω–∫–∞. –í—ã–±–∏—Ä–∞–π—Ç–µ –∏–∑ —Ä–∞–∑–Ω–æ–æ–±—Ä–∞–∑–Ω—ã—Ö –¥–∏–∑–∞–π–Ω–æ–≤, —á—Ç–æ–±—ã –ø–æ–¥—Ö–æ–¥–∏—Ç—å –ø–æ–¥ –ª—é–±–æ–π —Å—Ç–∏–ª—å –∏ –ø—Ä–µ–¥–ø–æ—á—Ç–µ–Ω–∏—è –≤–∞—à–µ–≥–æ —Ä–µ–±–µ–Ω–∫–∞.",–ö–æ–≤—Ä—ã –¥–ª—è –¥–µ—Ç—Å–∫–æ–π –∫–æ–º–Ω–∞—Ç—ã: –±–µ–∑–æ–ø–∞—Å–Ω–æ–µ –∏ –≤–µ—Å–µ–ª–æ–µ –∏–≥—Ä–æ–≤–æ–µ –ø—Ä–æ—Å—Ç—Ä–∞–Ω—Å—Ç–≤–æ,"–ü—Ä–µ–¥–ª–∞–≥–∞–µ–º –æ–∑–Ω–∞–∫–æ–º–∏—Ç—å—Å—è —Å –Ω–∞—à–µ–π –∫–æ–ª–ª–µ–∫—Ü–∏–µ–π –∫–æ–≤—Ä–æ–≤ –¥–ª—è –¥–µ—Ç—Å–∫–æ–π. –° —è—Ä–∫–∏–º–∏ —Ü–≤–µ—Ç–∞–º–∏, –∏–Ω—Ç–µ—Ä–µ—Å–Ω—ã–º–∏ —Ä–∏—Å—É–Ω–∫–∞–º–∏ –∏ –º—è–≥–∫–∏–º–∏ –º–∞—Ç–µ—Ä–∏–∞–ª–∞–º–∏, —ç—Ç–∏ –∫–æ–≤—Ä—ã —Å–æ–∑–¥–∞–¥—É—Ç –±–µ–∑–æ–ø–∞—Å–Ω–æ–µ –∏ –∫–æ–º—Ñ–æ—Ä—Ç–Ω–æ–µ –ø—Ä–æ—Å—Ç—Ä–∞–Ω—Å—Ç–≤–æ –¥–ª—è –∏–≥—Ä –∏ —Ç–≤–æ—Ä—á–µ—Å—Ç–≤–∞ –≤–∞—à–µ–≥–æ —Ä–µ–±–µ–Ω–∫–∞","–ö–æ–≤—Ä—ã –¥–ª—è –¥–µ—Ç—Å–∫–æ–π –∫–æ–º–Ω–∞—Ç—ã,–î–µ—Ç—Å–∫–∞—è –∫–æ–º–Ω–∞—Ç–∞, –∫–æ–≤—Ä—ã, –¥–∏–∑–∞–π–Ω –¥–µ—Ç—Å–∫–æ–π –∫–æ–º–Ω–∞—Ç—ã, –¥–µ—Ç–∏, —Ü–≤–µ—Ç–æ–≤–æ–µ —Ä–∞–∑–Ω–æ–æ–±—Ä–∞–∑–∏–µ, –≤–µ—Å–µ–ª—å–µ, –ø—Ä–æ—á–Ω–æ—Å—Ç—å, –º—è–≥–∫–æ—Å—Ç—å, –±–µ–∑–æ–ø–∞—Å–Ω–æ—Å—Ç—å –¥–ª—è –¥–µ—Ç–µ–π, —É–≤–ª–µ–∫–∞—Ç–µ–ª—å–Ω–æ—Å—Ç—å, –∏–≥—Ä—ã, –∫–æ–º—Ñ–æ—Ä—Ç, —ç–∫–æ–ª–æ–≥–∏—á–Ω–æ—Å—Ç—å, –ª–µ–≥–∫–æ—Å—Ç—å –æ—á–∏—Å—Ç–∫–∏",Carpets_for_childrens_room,,,,,,
11178,1,–∫–æ–≤—Ä—ã –¥–ª—è –æ—Ñ–∏—Å–∞,11039,0,"–ö–æ–≤—Ä—ã –¥–ª—è –æ—Ñ–∏—Å–∞:
–î–æ–±–∞–≤—å—Ç–µ —Å—Ç–∏–ª—å –∏ —Ñ—É–Ω–∫—Ü–∏–æ–Ω–∞–ª—å–Ω–æ—Å—Ç—å –≤ —Å–≤–æ–µ —Ä–∞–±–æ—á–µ–µ –ø—Ä–æ—Å—Ç—Ä–∞–Ω—Å—Ç–≤–æ —Å –Ω–∞—à–∏–º–∏ –∫–æ–≤—Ä–∞–º–∏ –¥–ª—è –æ—Ñ–∏—Å–∞. –ò–∑–Ω–æ—Å–æ—Å—Ç–æ–π–∫–∏–µ –º–∞—Ç–µ—Ä–∏–∞–ª—ã –∏ —É–¥–æ–±–Ω—ã–µ —Ç–µ–∫—Å—Ç—É—Ä—ã –æ–±–µ—Å–ø–µ—á–∏–≤–∞—é—Ç –∫–æ–º—Ñ–æ—Ä—Ç –∏ —ç—Å—Ç–µ—Ç–∏—á–µ—Å–∫–æ–µ —É–¥–æ–≤–ª–µ—Ç–≤–æ—Ä–µ–Ω–∏–µ –Ω–∞ –ø—Ä–æ—Ç—è–∂–µ–Ω–∏–∏ –¥–æ–ª–≥–∏—Ö —Ä–∞–±–æ—á–∏—Ö —á–∞—Å–æ–≤. –ù–∞—à–∏ –∫–æ–≤—Ä—ã –¥–ª—è –æ—Ñ–∏—Å–∞ —Å–æ–∑–¥–∞–Ω—ã, —á—Ç–æ–±—ã –ø–æ–¥–¥–µ—Ä–∂–∏–≤–∞—Ç—å –ø—Ä–æ—Ñ–µ—Å—Å–∏–æ–Ω–∞–ª—å–Ω—ã–π –≤–∏–¥ –≤–∞—à–µ–≥–æ
—Ä–∞–±–æ—á–µ–≥–æ –ø—Ä–æ—Å—Ç—Ä–∞–Ω—Å—Ç–≤–∞ –∏ —Å–¥–µ–ª–∞—Ç—å –µ–≥–æ –±–æ–ª–µ–µ –ø—Ä–∏—è—Ç–Ω—ã–º –∏ –ø—Ä–∏–≤–µ—Ç–ª–∏–≤—ã–º.","–ö–æ–≤—Ä—ã –¥–ª—è –æ—Ñ–∏—Å–∞: —Å—Ç–∏–ª—å–Ω—ã–µ –∏ —Ñ—É–Ω–∫—Ü–∏–æ–Ω–∞–ª—å–Ω—ã–µ, –¥–ª—è –ø—Ä–æ—Ñ–µ—Å—Å–∏–æ–Ω–∞–ª—å–Ω–æ–π —Ä–∞–±–æ—á–µ–π —Å—Ä–µ–¥—ã",–ü—Ä–µ–¥–ª–∞–≥–∞–µ–º –≤–∞–º –æ–∑–Ω–∞–∫–æ–º–∏—Ç—å—Å—è —Å –Ω–∞—à–µ–π –∫–æ–ª–ª–µ–∫—Ü–∏–µ–π –∫–æ–≤—Ä–æ–≤ –¥–ª—è –æ—Ñ–∏—Å–∞. –ò–∑–Ω–æ—Å–æ—Å—Ç–æ–π–∫–∏–µ –º–∞—Ç–µ—Ä–∏–∞–ª—ã –∏ —É–¥–æ–±–Ω—ã–µ —Ç–µ–∫—Å—Ç—É—Ä—ã –æ–±–µ—Å–ø–µ—á–∞—Ç –≤–∞–º –∫–æ–º—Ñ–æ—Ä—Ç –∏ —ç—Å—Ç–µ—Ç–∏—á–µ—Å–∫–æ–µ —É–¥–æ–≤–ª–µ—Ç–≤–æ—Ä–µ–Ω–∏–µ –≤ —Ç–µ—á–µ–Ω–∏–µ —Ä–∞–±–æ—á–µ–≥–æ –¥–Ω—è,"–ö–æ–≤—Ä—ã –¥–ª—è –æ—Ñ–∏—Å–∞,–û—Ñ–∏—Å, –∫–æ–≤—Ä—ã, –¥–∏–∑–∞–π–Ω –æ—Ñ–∏—Å–∞, –±–∏–∑–Ω–µ—Å-—Ü–µ–Ω—Ç—Ä, —ç—Ñ—Ñ–µ–∫—Ç–∏–≤–Ω–æ—Å—Ç—å, –∫–æ–º—Ñ–æ—Ä—Ç, —Ñ—É–Ω–∫—Ü–∏–æ–Ω–∞–ª—å–Ω–æ—Å—Ç—å, –∫–∞—á–µ—Å—Ç–≤–æ, –ø—Ä–æ—Ñ–µ—Å—Å–∏–æ–Ω–∞–ª—å–Ω—ã–π –≤–∏–¥, –ª–µ–≥–∫–æ—Å—Ç—å —É–±–æ—Ä–∫–∏, –ø—Ä–æ—á–Ω–æ—Å—Ç—å, —ç–∫–æ–ª–æ–≥–∏—á–Ω–æ—Å—Ç—å, –¥–µ–ª–æ–≤–æ–π –≤–∏–¥, –ª–µ–≥–∫–æ–µ –æ–±—Å–ª—É–∂–∏–≤–∞–Ω–∏–µ, —É—Å—Ç–æ–π—á–∏–≤–æ—Å—Ç—å –∫ –ø—è—Ç–Ω–∞–º",Carpets_for_the_office,,,,,,
11179,1,–ö–æ–≤—Ä–∏–∫–∏ –∏ –¥–æ—Ä–æ–∂–∫–∏ –¥–ª—è —Å—Ç–æ–ª–æ–≤–æ–π,11039,0,"–ö–æ–≤—Ä–∏–∫–∏ –¥–ª—è —Å—Ç–æ–ª–æ–≤–æ–π:
–ó–∞—â–∏—Ç–∏—Ç–µ –≤–∞—à –ø–æ–ª –∏ –¥–æ–±–∞–≤—å—Ç–µ —Å—Ç–∏–ª—å –∫ –≤–∞—à–µ–π —Å—Ç–æ–ª–æ–≤–æ–π —Å –Ω–∞—à–∏–º–∏ –∫–æ–≤—Ä–∏–∫–∞–º–∏ –¥–ª—è —Å—Ç–æ–ª–æ–≤–æ–π. –ò–∑—ã—Å–∫–∞–Ω–Ω—ã–µ –¥–∏–∑–∞–π–Ω—ã –∏ –ø—Ä–æ—á–Ω—ã–µ –º–∞—Ç–µ—Ä–∏–∞–ª—ã –≥–∞—Ä–∞–Ω—Ç–∏—Ä—É—é—Ç, —á—Ç–æ —ç—Ç–∏ –∫–æ–≤—Ä–∏–∫–∏ –ø—Ä–æ—Å–ª—É–∂–∞—Ç –≤–∞–º –¥–æ–ª–≥–æ–µ –≤—Ä–µ–º—è, –∑–∞—â–∏—â–∞—è –ø–æ–ª –æ—Ç —Ü–∞—Ä–∞–ø–∏–Ω –∏ –∑–∞–≥—Ä—è–∑–Ω–µ–Ω–∏–π. –°–æ–∑–¥–∞–π—Ç–µ –ø—Ä–∏—è—Ç–Ω—É—é –∞—Ç–º–æ—Å—Ñ–µ—Ä—É –≤ –≤–∞—à–µ–π —Å—Ç–æ–ª–æ–≤–æ–π —Å –Ω–∞—à–∏–º–∏ –∫–æ–≤—Ä–∏–∫–∞–º–∏ –¥–ª—è —Å—Ç–æ–ª–æ–≤–æ–π.",–ö–æ–≤—Ä–∏–∫–∏ –¥–ª—è —Å—Ç–æ–ª–æ–≤–æ–π: –∏–∑—ã—Å–∫–∞–Ω–Ω—ã–µ –¥–∏–∑–∞–π–Ω—ã –∏ –ø—Ä–æ—á–Ω—ã–µ –º–∞—Ç–µ—Ä–∏–∞–ª—ã,–•–æ—Ç–∏—Ç–µ –∑–∞—â–∏—Ç–∏—Ç—å –ø–æ–ª –∏ –ø—Ä–∏–¥–∞—Ç—å —Å—Ç–æ–ª–æ–≤–æ–π —Å—Ç–∏–ª—å–Ω—ã–π –≤–∏–¥? –ú—ã –ø—Ä–µ–¥–ª–∞–≥–∞–µ–º –≤–∞–º –Ω–∞—à–∏ –∫–æ–≤—Ä–∏–∫–∏ –¥–ª—è —Å—Ç–æ–ª–æ–≤–æ–π. –ò–∑—ã—Å–∫–∞–Ω–Ω—ã–µ –¥–∏–∑–∞–π–Ω—ã –∏ –ø—Ä–æ—á–Ω—ã–µ –º–∞—Ç–µ—Ä–∏–∞–ª—ã –≥–∞—Ä–∞–Ω—Ç–∏—Ä—É—é—Ç –¥–æ–ª–≥–æ–≤–µ—á–Ω–æ—Å—Ç—å –∏ –∑–∞—â–∏—Ç—É –ø–æ–ª–∞ –æ—Ç —Ü–∞—Ä–∞–ø–∏–Ω –∏ –∑–∞–≥—Ä—è–∑–Ω–µ–Ω–∏–π,"–ö–æ–≤—Ä—ã –¥–ª—è —Å—Ç–æ–ª–æ–≤–æ–π,–°—Ç–æ–ª–æ–≤–∞—è, –∫–æ–≤—Ä—ã, –¥–∏–∑–∞–π–Ω —Å—Ç–æ–ª–æ–≤–æ–π, –∫–æ–º–ø–∞–∫—Ç–Ω–æ—Å—Ç—å, –∫–æ–º—Ñ–æ—Ä—Ç, –ø—Ä–æ—á–Ω–æ—Å—Ç—å, –ª–µ–≥–∫–æ—Å—Ç—å –æ—á–∏—Å—Ç–∫–∏, —Å—Ç–∏—Ä–∫–∞ –≤ —Å—Ç–∏—Ä–∞–ª—å–Ω–æ–π –º–∞—à–∏–Ω–µ, —Å—Ç–∏–ª—å, —Ü–≤–µ—Ç–æ–≤–æ–µ —Ä–∞–∑–Ω–æ–æ–±—Ä–∞–∑–∏–µ, –∫–∞—á–µ—Å—Ç–≤–æ, —ç–∫–æ–ª–æ–≥–∏—á–Ω–æ—Å—Ç—å, –≤–∏–¥ —Å—Ç–æ–ª–æ–≤–æ–π, —Å—Ç–æ–π–∫–æ—Å—Ç—å",Dining_area_rugs,,,,,,
11180,1,–ù–∞—Ä—É–∂–Ω—ã–µ –∫–æ–≤—Ä–∏–∫–∏ –∏ –Ω–∞—Å—Ç–∏–ª—ã,11039,0,"–£–ª–∏—á–Ω—ã–µ –∫–æ–≤—Ä–∏–∫–∏ –∏ –ø–æ–∫—Ä—ã—Ç–∏—è:
–î–æ–±—Ä–æ –ø–æ–∂–∞–ª–æ–≤–∞—Ç—å –≤ –≤–∞—à –¥–æ–º! –ù–∞—à–∏ —É–ª–∏—á–Ω—ã–µ –∫–æ–≤—Ä–∏–∫–∏ –∏ –ø–æ–∫—Ä—ã—Ç–∏—è –ø–æ–º–æ–≥—É—Ç —Å–æ–∑–¥–∞—Ç—å –ø—Ä–∏–≤–µ—Ç–ª–∏–≤–æ–µ –∏ –±–µ–∑–æ–ø–∞—Å–Ω–æ–µ –ø—Ä–æ—Å—Ç—Ä–∞–Ω—Å—Ç–≤–æ –ø–µ—Ä–µ–¥ –≤–∞—à–∏–º –≤—Ö–æ–¥–æ–º. –° –ø—Ä–æ—á–Ω—ã–º–∏ –∏ –ø–æ–≥–æ–¥–æ—É—Å—Ç–æ–π—á–∏–≤—ã–º–∏ –º–∞—Ç–µ—Ä–∏–∞–ª–∞–º–∏, —ç—Ç–∏ –∫–æ–≤—Ä–∏–∫–∏ –∏ –ø–æ–∫—Ä—ã—Ç–∏—è –∑–∞—â–∏—Ç—è—Ç –≤–∞—à—É –ø–ª–æ—â–∞–¥–∫—É –æ—Ç –≥—Ä—è–∑–∏, —Å–∫–æ–ª—å–∂–µ–Ω–∏—è –∏ –∏–∑–Ω–æ—Å–∞. –í—ã–±–∏—Ä–∞–π—Ç–µ –∏–∑ —Ä–∞–∑–Ω–æ–æ–±—Ä–∞–∑–Ω—ã—Ö –¥–∏–∑–∞–π–Ω–æ–≤ –∏ —Ä–∞–∑–º–µ—Ä–æ–≤, —á—Ç–æ–±—ã –ø–æ–¥—Ö–æ–¥–∏—Ç—å –ø–æ–¥ –≤–∞—à–∏ –ø–æ—Ç—Ä–µ–±–Ω–æ—Å—Ç–∏ –∏ —Å—Ç–∏–ª—å –≤–∞—à–µ–≥–æ –¥–æ–º–∞.",–£–ª–∏—á–Ω—ã–µ –∫–æ–≤—Ä–∏–∫–∏ –∏ –ø–æ–∫—Ä—ã—Ç–∏—è: –ø—Ä–∏–≤–µ—Ç–ª–∏–≤–æ–µ –∏ –±–µ–∑–æ–ø–∞—Å–Ω–æ–µ –≤—Ö–æ–¥–Ω–æ–µ –ø—Ä–æ—Å—Ç—Ä–∞–Ω—Å—Ç–≤–æ —Å –ø–æ–≥–æ–¥–æ—É—Å—Ç–æ–π—á–∏–≤—ã–º–∏ –∫–æ–≤—Ä–∏–∫–∞–º–∏,"–ù–∞—à–∏ —É–ª–∏—á–Ω—ã–µ –∫–æ–≤—Ä–∏–∫–∏ –ø–æ–º–æ–≥—É—Ç —Å–æ–∑–¥–∞—Ç—å –ø—Ä–∏–≤–µ—Ç–ª–∏–≤–æ–µ –∏ –±–µ–∑–æ–ø–∞—Å–Ω–æ–µ –ø—Ä–æ—Å—Ç—Ä–∞–Ω—Å—Ç–≤–æ –ø–µ—Ä–µ–¥ –≤–∞—à–∏–º –≤—Ö–æ–¥–æ–º. –° –ø—Ä–æ—á–Ω—ã–º–∏ –∏ –ø–æ–≥–æ–¥–æ—É—Å—Ç–æ–π—á–∏–≤—ã–º–∏ –º–∞—Ç–µ—Ä–∏–∞–ª–∞–º–∏, –æ–Ω–∏ –∑–∞—â–∏—Ç—è—Ç –≤–∞—à—É –ø–ª–æ—â–∞–¥–∫—É –æ—Ç –≥—Ä—è–∑–∏, —Å–∫–æ–ª—å–∂–µ–Ω–∏—è –∏ –∏–∑–Ω–æ—Å–∞","–∫–æ–≤—Ä—ã, –¥–∏–∑–∞–π–Ω, —Å–∞–¥, —Ç–µ—Ä—Ä–∞—Å–∞, –±–∞–ª–∫–æ–Ω, –ø–∞—Ç–∏–æ, –ø—Ä–æ—á–Ω–æ—Å—Ç—å, –ø–æ–≥–æ–¥–æ—Å—Ç–æ–π–∫–æ—Å—Ç—å, —É—Å—Ç–æ–π—á–∏–≤–æ—Å—Ç—å –∫ —Å–æ–ª–Ω—Ü—É, —É—Å—Ç–æ–π—á–∏–≤–æ—Å—Ç—å –∫ –≤–ª–∞–≥–µ,–ª–µ–≥–∫–æ—Å—Ç—å –æ—á–∏—Å—Ç–∫–∏,—É—Å—Ç–æ–π—á–∏–≤–æ—Å—Ç—å –∫ –∏—Å—Ç–∏—Ä–∞–Ω–∏—é, —Å—Ç–∏–ª—å,—ç–∫–æ–ª–æ–≥–∏—á–Ω–æ—Å—Ç—å, —É—Å—Ç–æ–π—á–∏–≤–æ—Å—Ç—å –∫ –∑–∞–≥—Ä—è–∑–Ω–µ–Ω–∏—è–º",outdoor_rugs,,,,,,
11169,1,–û—Ä—Ç–æ–ø–µ–¥–∏—á–µ—Å–∫–∏–µ –º–∞—Ç—Ä–∞—Å—ã,11040,0,,,,,Orthopedic_mattresses,,,,,,
11170,1,–î–µ—Ç—Å–∫–∏–µ –∏ –º–æ–ª–æ–¥–µ–∂–Ω—ã–µ –º–∞—Ç—Ä–∞—Å—ã,11040,0,,,,,Children_and_youth_mattresses,,,,,,
11171,1,–†–µ–≥—É–ª–∏—Ä—É–µ–º—ã–µ –º–∞—Ç—Ä–∞—Å—ã,11040,0,,,,,Adjustable_mattresses,,,,,,
11172,1,–ú–∞—Ç—Ä–∞—Å—ã –¥–ª—è –º–ª–∞–¥–µ–Ω—Ü–µ–≤,11040,0,,,,,Mattresses_for_babies,,,,,,
11182,1,–¢–µ–∫—Å—Ç–∏–ª—å –¥–ª—è –∫—É—Ö–Ω–∏,11041,0,,,,,Textiles_for_the_kitchen,,,,,,
11183,1,–¢–µ–∫—Å—Ç–∏–ª—å –¥–ª—è –≥–æ—Å—Ç–∏–Ω–æ–π,11041,0,,,,,Textiles_for_the_living_room,,,,,,
11184,1,–¢–µ–∫—Å—Ç–∏–ª—å –¥–ª—è —Å–ø–∞–ª—å–Ω–∏,11041,0,,,,,Bedroom_textiles,,,,,,
11185,1,–¢–µ–∫—Å—Ç–∏–ª—å –¥–ª—è –¥–µ—Ç—Å–∫–æ–π –∫–æ–º–Ω–∞—Ç—ã,11041,0,,,,,Textiles_for_childrens_room,,,,,,
11186,1,–¢–µ–∫—Å—Ç–∏–ª—å –¥–ª—è –æ—Ñ–∏—Å–∞,11041,0,,,,,Office_textiles,,,,,,
11187,1,–ö–æ–≤—Ä–∏–∫–∏ –∏ —Å–∫–∞—Ç–µ—Ä—Ç–∏ –¥–ª—è —Å—Ç–æ–ª–æ–≤–æ–π,11041,0,,,,,Dining_Room_Mats_and_Table_Runners,,,,,,
11188,1,–£–ª–∏—á–Ω—ã–µ –∫–æ–≤—Ä–∏–∫–∏ –∏ –ø–æ–∫—Ä—ã—Ç–∏—è,11041,0,,,,,Outdoor_Mats_and_Decking,,,,,,
11239,1,–í–∞–Ω–Ω–∞—è,11041,,–¢–µ–∫—Å—Ç–∏–ª—å –¥–ª—è –≤–∞–Ω–Ω–æ–π,,,,,,,,,,
11240,1,–ü–æ–ª–æ—Ç–µ–Ω—Ü–∞,11239,,,,,,,,,,,,
11241,1,–ü–æ–ª–æ—Ç–µ–Ω—Ü–∞ –¥–ª—è —Ä—É–∫,11240,,,,,,,,,,,,
11242,1,–ë–∞–Ω–Ω—ã–µ –ø–æ–ª–æ—Ç–µ–Ω—Ü–∞,11240,,,,,,,,,,,,
11243,1,–ü–ª—è–∂–Ω—ã–µ –ø–æ–ª–æ—Ç–µ–Ω—Ü–∞,11240,,,,,,,,,,,,
11244,1,–°–ø–æ—Ä—Ç–∏–≤–Ω—ã–µ –ø–æ–ª–æ—Ç–µ–Ω—Ü–∞,11240,,,,,,,,,,,,
11208,1,–î–µ–∫–æ—Ä–∞—Ç–∏–≤–Ω—ã–µ –ø–æ–¥—É—à–∫–∏ –∏ –Ω–∞–≤–æ–ª–æ—á–∫–∏,11042,0,"–î–µ–∫–æ—Ä–∞—Ç–∏–≤–Ω—ã–µ –ø–æ–¥—É—à–∫–∏ –∏ –Ω–∞–≤–æ–ª–æ—á–∫–∏: –†–∞–∑–Ω–æ–æ–±—Ä–∞–∑–∏–µ —Å—Ç–∏–ª–µ–π, —Ü–≤–µ—Ç–æ–≤ –∏ —Ç–µ–∫—Å—Ç—É—Ä, —á—Ç–æ–±—ã –¥–æ–±–∞–≤–∏—Ç—å –∫–æ–º—Ñ–æ—Ä—Ç –∏ —Å—Ç–∏–ª—å –≤ –≤–∞—à –¥–æ–º.",,,,decorative_pillows,,,,,,
11209,1,–ó–µ—Ä–∫–∞–ª–∞,11042,0,"–ó–µ—Ä–∫–∞–ª–∞: –†–∞–∑–ª–∏—á–Ω—ã–µ —Ä–∞–∑–º–µ—Ä—ã –∏ —Ñ–æ—Ä–º—ã –∑–µ—Ä–∫–∞–ª, –∫–æ—Ç–æ—Ä—ã–µ –ø–æ–º–æ–≥—É—Ç —É–∫—Ä–∞—Å–∏—Ç—å —Å—Ç–µ–Ω—ã –∏ —Å–æ–∑–¥–∞—Ç—å –æ—â—É—â–µ–Ω–∏–µ –ø—Ä–æ—Å—Ç—Ä–∞–Ω—Å—Ç–≤–∞.",,,,mirrors,,,,,,
11210,1,–í–∞–∑—ã –∏ —Ü–≤–µ—Ç–æ—á–Ω—ã–µ –≥–æ—Ä—à–∫–∏,11042,0,"–í–∞–∑—ã –∏ —Ü–≤–µ—Ç–æ—á–Ω—ã–µ –≥–æ—Ä—à–∫–∏: –ò–∑—ã—Å–∫–∞–Ω–Ω—ã–µ –≤–∞–∑—ã –∏ –≥–æ—Ä—à–∫–∏ –¥–ª—è —Ü–≤–µ—Ç–æ–≤, —á—Ç–æ–±—ã –ø—Ä–∏–¥–∞—Ç—å –∂–∏–≤–æ–π –ø—Ä–∏—Ä–æ–¥–Ω–æ–π –∫—Ä–∞—Å–æ—Ç—ã –≤–∞—à–µ–º—É –∏–Ω—Ç–µ—Ä—å–µ—Ä—É.",,,,vases,,,,,,
11211,1,–°–≤–µ—á–∏ –∏ —Å–≤–µ—Ç–∏–ª—å–Ω–∏–∫–∏,11042,0,–°–≤–µ—á–∏ –∏ —Å–≤–µ—Ç–∏–ª—å–Ω–∏–∫–∏: –†–∞–∑–ª–∏—á–Ω—ã–µ –≤–∏–¥—ã —Å–≤–µ—á–µ–π –∏ —Å–≤–µ—Ç–∏–ª—å–Ω–∏–∫–æ–≤ –¥–ª—è —Å–æ–∑–¥–∞–Ω–∏—è –∞—Ç–º–æ—Å—Ñ–µ—Ä–Ω–æ–≥–æ –æ—Å–≤–µ—â–µ–Ω–∏—è –∏ –ø—Ä–∏–¥–∞–Ω–∏—è —É—é—Ç–∞ –≤–∞—à–µ–º—É –ø—Ä–æ—Å—Ç—Ä–∞–Ω—Å—Ç–≤—É.,,,,candles,,,,,,
11212,1,–ö–∞—Ä—Ç–∏–Ω—ã –∏ –ø–æ—Å—Ç–µ—Ä—ã,11042,0,"–ö–∞—Ä—Ç–∏–Ω—ã –∏ –ø–æ—Å—Ç–µ—Ä—ã: –ò—Å–∫—É—Å—Å—Ç–≤–æ, —Ñ–æ—Ç–æ–≥—Ä–∞—Ñ–∏–∏ –∏ –ø–æ—Å—Ç–µ—Ä—ã, —á—Ç–æ–±—ã –¥–æ–±–∞–≤–∏—Ç—å —Ü–≤–µ—Ç –∏ —Ö–∞—Ä–∞–∫—Ç–µ—Ä –≤ –≤–∞—à–∏ —Å—Ç–µ–Ω—ã.",,,,paintings,,,,,,
11213,1,–ö–æ–≤—Ä–∏–∫–∏ –∏ –∫–æ–≤—Ä–∏–∫–∏ –¥–ª—è –≤—Ö–æ–¥–∞,11042,0,"–ö–æ–≤—Ä–∏–∫–∏ –∏ –∫–æ–≤—Ä–∏–∫–∏ –¥–ª—è –≤—Ö–æ–¥–∞: –ü—Ä–∞–∫—Ç–∏—á–Ω—ã–µ –∏ —Å—Ç–∏–ª—å–Ω—ã–µ –∫–æ–≤—Ä–∏–∫–∏, –∫–æ—Ç–æ—Ä—ã–µ –ø–æ–º–æ–≥—É—Ç —Å–æ—Ö—Ä–∞–Ω–∏—Ç—å —á–∏—Å—Ç–æ—Ç—É –∏ –¥–æ–±–∞–≤–∏—Ç—å —É—é—Ç –≤ –≤–∞—à –¥–æ–º.",,,,rugs,,,,,,
11214,1,–ö–æ—Ä–∑–∏–Ω—ã –∏ –æ—Ä–≥–∞–Ω–∞–π–∑–µ—Ä—ã,11042,0,"–ö–æ—Ä–∑–∏–Ω—ã –∏ –æ—Ä–≥–∞–Ω–∞–π–∑–µ—Ä—ã: –£–¥–æ–±–Ω—ã–µ —Ä–µ—à–µ–Ω–∏—è –¥–ª—è —Ö—Ä–∞–Ω–µ–Ω–∏—è –∏ –æ—Ä–≥–∞–Ω–∏–∑–∞—Ü–∏–∏, –∫–æ—Ç–æ—Ä—ã–µ –ø–æ–º–æ–≥—É—Ç –ø–æ–¥–¥–µ—Ä–∂–∏–≤–∞—Ç—å –ø–æ—Ä—è–¥–æ–∫ –≤ –≤–∞—à–µ–º –¥–æ–º–µ.",,,,baskets,,,,,,
11215,1,–ö—É—Ö–æ–Ω–Ω—ã–µ –∞–∫—Å–µ—Å—Å—É–∞—Ä—ã,11042,0,"–ö—É—Ö–æ–Ω–Ω—ã–µ –∞–∫—Å–µ—Å—Å—É–∞—Ä—ã: –ü–æ–ª–µ–∑–Ω—ã–µ –∏ —Å—Ç–∏–ª—å–Ω—ã–µ –∞–∫—Å–µ—Å—Å—É–∞—Ä—ã –¥–ª—è –∫—É—Ö–Ω–∏, –≤–∫–ª—é—á–∞—è –ø–æ—Å—É–¥—É, –ø—Ä–∏–±–æ—Ä—ã, —Ç–µ–∫—Å—Ç–∏–ª—å –∏ –º–Ω–æ–≥–æ–µ –¥—Ä—É–≥–æ–µ.",,,,kitchen_accessories,,,,,,
11216,1,–í–∞–Ω–Ω–∞—è –∫–æ–º–Ω–∞—Ç–∞ –∏ –∞–∫—Å–µ—Å—Å—É–∞—Ä—ã –¥–ª—è —É—Ö–æ–¥–∞,11042,0,"–í–∞–Ω–Ω–∞—è –∫–æ–º–Ω–∞—Ç–∞ –∏ –∞–∫—Å–µ—Å—Å—É–∞—Ä—ã –¥–ª—è —É—Ö–æ–¥–∞: –¢–æ–≤–∞—Ä—ã –¥–ª—è –≤–∞–Ω–Ω–æ–π –∫–æ–º–Ω–∞—Ç—ã, –≤–∫–ª—é—á–∞—è –ø–æ–ª–æ—Ç–µ–Ω—Ü–∞, –∫–æ—Å–º–µ—Ç–∏—á–µ—Å–∫–∏–µ –ø—Ä–∏–Ω–∞–¥–ª–µ–∂–Ω–æ—Å—Ç–∏, —Å—Ä–µ–¥—Å—Ç–≤–∞ –¥–ª—è —É—Ö–æ–¥–∞ –∑–∞ —Ç–µ–ª–æ–º –∏ –¥—Ä—É–≥–∏–µ –∞–∫—Å–µ—Å—Å—É–∞—Ä—ã.",,,,bathroom_accessories,,,,,,
11217,1,"–¢–µ–∫—Å—Ç–∏–ª—å –¥–ª—è –¥–æ–º–∞ (–ø–æ—Å—Ç–µ–ª—å–Ω–æ–µ –±–µ–ª—å–µ, –ø–æ–ª–æ—Ç–µ–Ω—Ü–∞, —Å–∫–∞—Ç–µ—Ä—Ç–∏ –∏ —Ç.–¥.)",11042,0,"–¢–µ–∫—Å—Ç–∏–ª—å –¥–ª—è –¥–æ–º–∞ (–ø–æ—Å—Ç–µ–ª—å–Ω–æ–µ –±–µ–ª—å–µ, –ø–æ–ª–æ—Ç–µ–Ω—Ü–∞, —Å–∫–∞—Ç–µ—Ä—Ç–∏ –∏ —Ç.–¥.): –†–∞–∑–Ω–æ–æ–±—Ä–∞–∑–∏–µ —Ç–µ–∫—Å—Ç–∏–ª—è –¥–ª—è –¥–æ–º–∞, –≤–∫–ª—é—á–∞—è –∫—Ä–∞—Å–∏–≤–æ–µ –ø–æ—Å—Ç–µ–ª—å–Ω–æ–µ –±–µ–ª—å–µ, –º—è–≥–∫–∏–µ –ø–æ–ª–æ—Ç–µ–Ω—Ü–∞ –∏ —Å—Ç–∏–ª—å–Ω—ã–µ —Å–∫–∞—Ç–µ—Ä—Ç–∏, —á—Ç–æ–±—ã —Å–æ–∑–¥–∞—Ç—å –∫–æ–º—Ñ–æ—Ä—Ç–Ω—É—é –∏ —É—é—Ç–Ω—É—é –æ–±—Å—Ç–∞–Ω–æ–≤–∫—É –≤ –≤–∞—à–µ–º –¥–æ–º–µ.",,,,home_textiles,,,,,,
11218,1,–ß–∞—Å—ã –∏ –±—É–¥–∏–ª—å–Ω–∏–∫–∏,11042,0,"–ß–∞—Å—ã –∏ –±—É–¥–∏–ª—å–Ω–∏–∫–∏: –†–∞–∑–Ω–æ–æ–±—Ä–∞–∑–∏–µ —Å—Ç–∏–ª—å–Ω—ã—Ö —á–∞—Å–æ–≤ –∏ –±—É–¥–∏–ª—å–Ω–∏–∫–æ–≤, –ø–æ–º–æ–≥–∞—é—â–∏—Ö –≤–∞–º —Å–ª–µ–¥–∏—Ç—å –∑–∞ –≤—Ä–µ–º–µ–Ω–µ–º –∏ –¥–æ–±–∞–≤–ª—è—Ç—å —Ñ—É–Ω–∫—Ü–∏–æ–Ω–∞–ª—å–Ω–æ—Å—Ç—å –∏ —Å—Ç–∏–ª—å –∫ –≤–∞—à–µ–º—É –∏–Ω—Ç–µ—Ä—å–µ—Ä—É.",,,,clocks,,,,,,
11219,1,–§–æ—Ç–æ—Ä–∞–º–∫–∏ –∏ –∞–ª—å–±–æ–º—ã,11042,0,"–§–æ—Ç–æ—Ä–∞–º–∫–∏ –∏ –∞–ª—å–±–æ–º—ã: –ö–æ–ª–ª–µ–∫—Ü–∏—è —Ñ–æ—Ç–æ—Ä–∞–º–æ–∫ –∏ –∞–ª—å–±–æ–º–æ–≤, –ø—Ä–µ–¥–Ω–∞–∑–Ω–∞—á–µ–Ω–Ω—ã—Ö –¥–ª—è —Å–æ—Ö—Ä–∞–Ω–µ–Ω–∏—è –∏ –¥–µ–º–æ–Ω—Å—Ç—Ä–∞—Ü–∏–∏ –≤–∞—à–∏—Ö –æ—Å–æ–±—ã—Ö –º–æ–º–µ–Ω—Ç–æ–≤ –∏ –≤–æ—Å–ø–æ–º–∏–Ω–∞–Ω–∏–π.",,,,photo_frames,,,,,,
11220,1,–î–µ–∫–æ—Ä–∞—Ç–∏–≤–Ω—ã–µ —Ñ–∏–≥—É—Ä–∫–∏ –∏ —Å—Ç–∞—Ç—É—ç—Ç–∫–∏,11042,0,"–î–µ–∫–æ—Ä–∞—Ç–∏–≤–Ω—ã–µ —Ñ–∏–≥—É—Ä–∫–∏ –∏ —Å—Ç–∞—Ç—É—ç—Ç–∫–∏: –†–∞–∑–Ω–æ–æ–±—Ä–∞–∑–∏–µ –¥–µ–∫–æ—Ä–∞—Ç–∏–≤–Ω—ã—Ö —Ñ–∏–≥—É—Ä–æ–∫ –∏ —Å—Ç–∞—Ç—É—ç—Ç–æ–∫, –∫–æ—Ç–æ—Ä—ã–µ –¥–æ–±–∞–≤—è—Ç —É–Ω–∏–∫–∞–ª—å–Ω–æ—Å—Ç—å –∏ —Ö–∞—Ä–∞–∫—Ç–µ—Ä –∫ –≤–∞—à–µ–º—É –¥–µ–∫–æ—Ä—É –∏ –ø–æ–º–æ–≥—É—Ç —Å–æ–∑–¥–∞—Ç—å —É—é—Ç–Ω—É—é –∞—Ç–º–æ—Å—Ñ–µ—Ä—É –≤ –≤–∞—à–µ–º –¥–æ–º–µ.",,,,figurines,,,,,,
11221,1,–ß–∞—à–∫–∏ –∏ –∫—Ä—É–∂–∫–∏,11042,0,"–ß–∞—à–∫–∏ –∏ –∫—Ä—É–∂–∫–∏: –ö–æ–ª–ª–µ–∫—Ü–∏—è —Ä–∞–∑–Ω–æ–æ–±—Ä–∞–∑–Ω—ã—Ö —á–∞—à–µ–∫ –∏ –∫—Ä—É–∂–µ–∫, –∫–æ—Ç–æ—Ä—ã–µ –Ω–µ —Ç–æ–ª—å–∫–æ –ø—Ä–µ–¥–ª–∞–≥–∞—é—Ç —Ñ—É–Ω–∫—Ü–∏–æ–Ω–∞–ª—å–Ω–æ—Å—Ç—å, –Ω–æ –∏ –ø–æ–∑–≤–æ–ª—è—é—Ç –≤—ã—Ä–∞–∑–∏—Ç—å —Å–≤–æ–π —Å—Ç–∏–ª—å –∏ –Ω–∞—Å–ª–∞–¥–∏—Ç—å—Å—è —á–∞—à–∫–æ–π –≥–æ—Ä—è—á–µ–≥–æ –Ω–∞–ø–∏—Ç–∫–∞.",,,,mugs,,,,,,
11222,1,–ó–∞–Ω–∞–≤–µ—Å–∫–∏ –∏ –∂–∞–ª—é–∑–∏,11042,0,"–ó–∞–Ω–∞–≤–µ—Å–∫–∏ –∏ –∂–∞–ª—é–∑–∏: –†–∞–∑–Ω–æ–æ–±—Ä–∞–∑–∏–µ –∑–∞–Ω–∞–≤–µ—Å–æ–∫ –∏ –∂–∞–ª—é–∑–∏, –∫–æ—Ç–æ—Ä—ã–µ –ø–æ–º–æ–≥—É—Ç –∫–æ–Ω—Ç—Ä–æ–ª–∏—Ä–æ–≤–∞—Ç—å –æ—Å–≤–µ—â–µ–Ω–∏–µ, –æ–±–µ—Å–ø–µ—á–∏–≤–∞—Ç—å –ø—Ä–∏–≤–∞—Ç–Ω–æ—Å—Ç—å –∏ –¥–æ–±–∞–≤–ª—è—Ç—å —Å—Ç–∏–ª—å –∏ –∞—Ç–º–æ—Å—Ñ–µ—Ä—É –∫ –≤–∞—à–µ–º—É –æ–∫—Ä—É–∂–µ–Ω–∏—é.",,,,curtains,,,,,,
11209,1,–ú—É—Ä–∞–Ω—Å–∫–æ–µ —Å—Ç–µ–∫–ª–æ,11206,0,,,,,murano_glass,,,,,,
11246,1,–ú–∏–Ω–µ—Ä–∞–ª—ã –ú–µ—Ä—Ç–≤–æ–≥–æ –º–æ—Ä—è,11245,0,,,,,,,,,,,
11288,1,"–£—Ö–æ–¥, –∫—Ä–∞—Å–æ—Ç–∞, –º–∞–∫–∏—è–∂",11245,0,,,,,,,,,,,
11247,1,–£—Ö–æ–¥ –∑–∞ –ª–∏—Ü–æ–º. –í—Å–µ –¥–ø—è –∂–µ–Ω—â–∏–Ω.,11246,0,,,,,,,,,,,
11248,1,–£—Ö–æ–¥ –∑–∞ —Ç–µ–ª–æ–º –∏ —Å–ø–∞,11246,0,,,,,,,,,,,
11249,1,–£—Ö–æ–¥ –∑–∞ –≤–æ–ª–æ—Å–∞–º–∏,11246,0,,,,,,,,,,,
11250,1,–í—Å–µ –¥–ª—è –º—É–∂—á–∏–Ω.,11246,0,,,,,,,,,,,
11251,1,–ê—Ä–æ–º–∞—Ç–µ—Ä–∞–ø–∏—è.,11246,0,,,,,,,,,,,
11252,1,–ü–æ–¥–∞—Ä–æ—á–Ω–Ω—ã–µ –Ω–∞–±–æ—Ä—ã.,11246,0,,,,,,,,,,,
11266,1,–ü—Ä–æ–¥—É–∫—Ü–∏—è —Å —Å–æ–ª—å—é –∏ –ª–µ—á–µ–±–Ω–æ–π –≥—Ä—è–∑—å—é –ú–µ—Ä—Ç–≤–æ–≥–æ –º–æ—Ä—è,11246,0,,,,,,,,,,,
11289,1,–ú–∏–Ω–µ—Ä–∞–ª—ã –ú–µ—Ä—Ç–≤–æ–≥–æ –º–æ—Ä—è,11246,,,,,,,,,,,,
11265,1,–ö–æ—Å–º–µ—Ç–∏–∫–∞ –¥–ª—è –∑–¥–æ—Ä–æ–≤—å—è,11248,,,,,,,,,,,,
11253,1,–£–≤–ª–∞–∂–Ω–µ–Ω–∏—è  –¥–ª—è –ª–∏—Ü–∞.,11247,0,,,,,,,,,,,
11254,1,–°–µ—Ä—É–º –¥–ª—è –ª–∏—Ü–∞,11247,0,,,,,,,,,,,
11255,1,–ú–∞—Å–∫–∏ –¥–ª—è  –ª–∏—Ü–∞.,11247,0,,,,,,,,,,,
11256,1,–°—Ä–µ–¥—Å—Ç–≤–æ  –¥–ª—è  –æ—á–∏—Å—Ç–∫–∏  –∫–æ–∂–∏ –ª–∏—Ü–∞. ,11247,0,,,,,,,,,,,
11257,1, –†—è–¥ –º—É–ª—å—Ç–∏–≤–∏—Ç–∞–º–∏–Ω–æ–≤  –∏ –≥–∏–∞–ª–æ—Ä–æ–Ω–æ–≤–∞—è  –∫–∏—Å–ª–æ—Ç–∞  –¥–ª—è –ª–∏—Ü–∞.,11247,0,,,,,,,,,,,
11258,1,–°–µ—Ä–∏—è –º–∏–Ω–µ—Ä–∞–ª—å–Ω—ã—Ö –ø–µ–ø—Ç–∏–¥–æ–≤ –∞–Ω—Ç–∏—ç–π–¥–∂–∏–Ω–≥,11247,0,,,,,,,,,,,
11329,,–ú–∏–Ω–µ—Ä–∞–ª—å–Ω—ã–π —É–≤–ª–∞–∂–Ω—è—é—â–∏–π –∫—Ä–µ–º –¥–ª—è –ª–∏—Ü–∞ —Å –º–∏–Ω–µ—Ä–∞–ª–∞–º–∏ –∏ —Ä–∞—Å—Ç–∏—Ç–µ–ª—å–Ω—ã–º–∏ —ç–∫—Å—Ç—Ä–∞–∫—Ç–∞–º–∏,11247,0,,,,,,,,,,,
11259,1,–£—Ö–æ–¥ –∑–∞ —Ä—É–∫–∞–º–∏ –∏ –Ω–æ–≥–∞–º–∏,11248,,,,,,,,,,,,
11260,1,"–ö—Ä–µ–º—ã, –º–∞—Å–ª–∞ –∏ —Å–µ—Ä—É–º—ã –¥–ª—è —Ç–µ–ª–∞",11248,,,,,,,,,,,,
11261,1,–£–≤–ª–∞–∂–Ω—è—é—â–∏–µ –ª–æ—Å—å–æ–Ω—ã,11248,,,,,,,,,,,,
11262,1,–¢–≤–µ—Ä–¥—ã–µ –º—ã–ª–∞,11248,,,,,,,,,,,,
11263,1,–¢–æ–≤–∞—Ä—ã –¥–ª—è —Ç–µ–ª–∞ –∏ —Å–ø–∞,11248,,,,,,,,,,,,
11264,1,–ü–∞—Ä—Ñ—é–º–µ—Ä–∏—è,11248,,,,,,,,,,,,