ProductId,Image Url,Video Url,Product Desc,Origin Price,Discount Price,Discount,Currency,Direct linking commission rate (%),Estimated direct linking commission,Indirect linking commission rate (%),Estimated indirect linking commission,Sales180Day,Positive Feedback,Promotion Url,Code Name,Code Start Time,Code End Time,Code Value,Code Quantity,Code Minimum Spend
1005002267893957,https://ae01.alicdn.com/kf/Sa9e68d2490f24cc7b6fedae095e92d54f.jpg,https://video.aliexpress-media.com/play/u/ae_sg_item/2210917281045/p/1/e/6/t/10301/301080115565.mp4,For Xiaomi MIJIA 1C STYTJ01ZHM Robot Vacuum Cleaner Cleaning Cloth Mop Water Tank Accessories Robot Vacuum Cleaner Parts,ILS 9.27,ILS 9.27,0%,ILS,10.5,ILS 0.97,7.0,ILS 0.65,69,100.0%,https://s.click.aliexpress.com/e/_ol4tlGQ,A9QHG3VOV146,2024-02-01 07:45:00,2024-04-30 23:59:59,ILS 3.91,3854.0,ILS 3.95
1005005854114496,https://ae01.alicdn.com/kf/S53b621d970c24c87b418b6db64cc1e35A.jpg,https://video.aliexpress-media.com/play/u/ae_sg_item/247387327/p/1/e/6/t/10301/4000121764645.mp4,Namste 250m³ Smart Essential Oil Diffuser With Bluetooth WIFI Control 130ML Capacity Humidifier For Home Air Freshener Device,ILS 338.14,ILS 169.07,50%,ILS,9.0,ILS 15.22,7.0,ILS 11.83,49,100.0%,https://s.click.aliexpress.com/e/_oFY906O,X2W3YK,2024-04-01 00:00:00,2024-04-30 23:59:59,ILS 7.82,99897.0,ILS 78.22
1005005734990521,https://ae01.alicdn.com/kf/S007fd2a412df4c14b49f0c0543a0f0adq.jpg,https://video.aliexpress-media.com/play/u/ae_sg_item/2673073115/p/1/e/6/t/10301/4000055268833.mp4,Mijia USB Rechargeable Deformable Long Bracket Electric Clip Fan 3 Speed Portable Baby Stroller Air Cooler Fan Table Ventilator,ILS 61.79,ILS 61.79,0%,ILS,8.0,ILS 4.94,7.0,ILS 4.33,31,100.0%,https://s.click.aliexpress.com/e/_oomX3ii,W4EV7FTMVHT2,2024-03-07 23:59:00,2024-04-30 23:59:59,ILS 3.23,406.0,ILS 17.79
1005005200463829,https://ae01.alicdn.com/kf/S74dee3aadbe04a6da4b6d04c25d7494cI.jpg,https://video.aliexpress-media.com/play/u/ae_sg_item/2469154702/p/1/e/6/t/10301/279463432779.mp4,CkeyiN Professional Digital Hair Trimmer Rechargeable Electric Hair Clipper Men's Cordless Haircut Adjustable Ceramic Blade,ILS 151.55,ILS 72.75,51%,ILS,15.0,ILS 10.91,7.0,ILS 5.09,183,96.6%,https://s.click.aliexpress.com/e/_opsqClk,213W5TDRCC3Y,2024-04-01 00:00:00,2024-04-30 23:59:59,ILS 5.87,99998.0,ILS 58.66
1005004804098803,https://ae01.alicdn.com/kf/Sa7916a03ae734f7993352f07531e9ee2i.jpg,https://video.aliexpress-media.com/play/u/ae_sg_item/254981692/p/1/e/6/t/10301/1100154693028.mp4,NAMSTE 1500m³ Perfume Essential Oils Diffuser Aromatic Hotels Air Freshener Smart Five Segment Timing 200ML Capacity 8W Power,ILS 186.47,ILS 186.47,0%,ILS,8.5,ILS 15.85,7.0,ILS 13.05,14,100.0%,https://s.click.aliexpress.com/e/_omKdB1o,FVYNLF1M5J8F,2024-04-01 00:00:00,2024-04-30 23:59:59,ILS 19.55,99820.0,ILS 136.88
1005006384162378,https://ae01.alicdn.com/kf/Scecaf99e5d12415ebde6da2d3e5a2c7a2.jpg,null,Xiaomi Mijia Automatic Soap Dispenser Touchless Foaming Smart Soap Dispenser Rechargeable Waterproof Foam Soap Pump Dispenser,ILS 85.47,ILS 85.47,0%,ILS,8.0,ILS 6.84,7.0,ILS 5.98,26,100.0%,https://s.click.aliexpress.com/e/_oCQcclk,3662NYFREWL5,2024-03-10 03:00:00,2024-04-30 23:59:59,ILS 3.23,90.0,ILS 16.17
1005005937711393,https://ae01.alicdn.com/kf/S4c6d903102c54beb8c41a59134b4be9dg.jpg,https://video.aliexpress-media.com/play/u/ae_sg_item/250739053/p/1/e/6/t/10301/1100171786329.mp4,Roborock S8 PLUS S8+ S8 Pro Ultra G20 Robot Vacuum Main Side Brush Mop Hepa Filter Dust Bag Cleaning Rolling Brush Accessories,ILS 8.88,ILS 8.88,0%,ILS,11.0,ILS 0.98,7.0,ILS 0.62,108,98.8%,https://s.click.aliexpress.com/e/_on69EjY,A9QHG3VOV146,2024-02-01 07:45:00,2024-04-30 23:59:59,ILS 3.91,3854.0,ILS 3.95
1005006054822573,https://ae01.alicdn.com/kf/S3163b9a6b7aa4dbf9a29c4d5c44a30a8K.jpg,https://video.aliexpress-media.com/play/u/ae_sg_item/2678355895/p/1/e/6/t/10301/1100182959075.mp4,Z9 Robot Vacuum Cleaner Auto Charging 4000Pa Power App Control Water Tank Wet Mopping Robot Vacuum Cleaner Electric Sweeper,ILS 713.46,ILS 435.21,39%,ILS,8.0,ILS 34.82,7.0,ILS 30.46,59,90.0%,https://s.click.aliexpress.com/e/_oDHsKQW,E2K3D714BHRJ,2024-03-28 07:50:00,2024-04-30 23:59:59,ILS 21.56,266.0,ILS 107.80
1005004181797700,https://ae01.alicdn.com/kf/S8e269c7f9abb4233a19057f216b26a4cn.jpg,https://video.aliexpress-media.com/play/u/ae_sg_item/2602847490/p/1/e/6/t/10301/1100084569468.mp4,T9 Hair Clipper Professional Electric Shaver Men's Hair Clipper USB Rechargeable Hair Trimmer For Men Oil Head Beard Razor,ILS 100.04,ILS 51.04,48%,ILS,8.0,ILS 4.08,7.0,ILS 3.57,29,100.0%,https://s.click.aliexpress.com/e/_oD4TK5y,SRS9LST9QO95,2024-04-01 00:00:00,2024-04-30 23:59:59,ILS 3.91,99997.0,ILS 3.95
1005005050648463,https://ae01.alicdn.com/kf/Sa5a9b9d5ac004f5aa6a02ac23ccdcc5cA.jpg,https://video.aliexpress-media.com/play/u/ae_sg_item/247387327/p/1/e/6/t/10301/1100157255059.mp4,Namste Essential Oils Diffuser Aroma Scent Machine WIFI Control Home Air Freshener Hotel Fragrant Device Electric Aromatic Oasis,ILS 651.16,ILS 325.58,50%,ILS,8.5,ILS 27.67,7.0,ILS 22.79,12,100.0%,https://s.click.aliexpress.com/e/_onRLBt0,XKR54G,2024-04-01 00:00:00,2024-04-30 23:59:59,ILS 19.55,99899.0,ILS 191.63
1005002883221991,https://ae01.alicdn.com/kf/Sf4505868d2bf4f0183b264b4eb493e261.jpg,https://video.aliexpress-media.com/play/u/ae_sg_item/2210917281045/p/1/e/6/t/10301/315343320612.mp4,Original High Quality Roborock T7S T7plus T7Splus S7 Mop Cloth Spare Parts Mopping Cloth Accessories,ILS 11.26,ILS 11.26,0%,ILS,13.5,ILS 1.52,7.0,ILS 0.79,131,96.7%,https://s.click.aliexpress.com/e/_oDNew9G,A9QHG3VOV146,2024-02-01 07:45:00,2024-04-30 23:59:59,ILS 3.91,3854.0,ILS 3.95
1005003905050399,https://ae01.alicdn.com/kf/S33b9729c2b7d40e4b38fd1a4833a15e6m.jpg,https://video.aliexpress-media.com/play/u/ae_sg_item/2210917281045/p/1/e/6/t/10301/348192570079.mp4,Main Side Brush Hepa Filter Dust Bag For iRobot Roomba i3 i4 i6 i7 i8 j7 E5 E6 E7 Spare Parts Robot Vacuum Cleaner Accessories,ILS 11.07,ILS 11.07,0%,ILS,13.5,ILS 1.49,7.0,ILS 0.77,396,94.1%,https://s.click.aliexpress.com/e/_opC4B7M,A9QHG3VOV146,2024-02-01 07:45:00,2024-04-30 23:59:59,ILS 3.91,3854.0,ILS 3.95
1005004662431064,https://ae01.alicdn.com/kf/S121dea76ddd0404b9769d93245f905fet.jpg,https://video.aliexpress-media.com/play/u/ae_sg_item/2660256835/p/1/e/6/t/10301/1100082165957.mp4,For Dyson v10 Accessories cyclone dust collector original dust bin garbage can HEPA filter motorhead robot vacuum cleaner parts,ILS 252.10,ILS 184.05,26%,ILS,11.0,ILS 20.25,7.0,ILS 12.88,36,88.6%,https://s.click.aliexpress.com/e/_oo5o0dy,E6IMG4PVVJJM,2024-02-01 00:00:00,2024-04-30 23:59:59,ILS 3.91,88469.0,ILS 35.20
1005003026415517,https://ae01.alicdn.com/kf/Sd22371f5913a448691842429e9bddf5eJ.png,https://video.aliexpress-media.com/play/u/ae_sg_item/3104953661/p/1/e/6/t/10301/319425502057.mp4,CkeyiN 1600W Professional Hair Dryers Strong Power Blow Dryer Barber Salon Styling Tool with 3 Temperature 2 Speed Personal Care,ILS 154.87,ILS 77.43,50%,ILS,12.0,ILS 9.29,7.0,ILS 5.42,40,94.5%,https://s.click.aliexpress.com/e/_oBtQXCq,EK3OT5NHFYMY,2024-03-31 00:00:00,2024-04-30 23:59:59,ILS 5.87,99961.0,ILS 58.66
1005006502801472,https://ae01.alicdn.com/kf/S10b2c5a251eb4b08afe34d77dd6f5029O.png,https://video.aliexpress-media.com/play/u/ae_sg_item/247387327/p/1/e/6/t/10301/1100211757576.mp4,Namste Electric Aroma Diffuser Hotel Essentail Oil Device Bluetooth 150ML Capacity Home Aromatherapy Machine Air Freshener,ILS 140.79,ILS 140.79,0%,ILS,8.5,ILS 11.97,7.0,ILS 9.86,14,93.3%,https://s.click.aliexpress.com/e/_okVVBsA,X2W3YK,2024-04-01 00:00:00,2024-04-30 23:59:59,ILS 7.82,99897.0,ILS 78.22
1005002267530008,https://ae01.alicdn.com/kf/S1d94d4702e8e4051a3dd28b85aa7e289s.jpg,https://video.aliexpress-media.com/play/u/ae_sg_item/2210917281045/p/1/e/6/t/10301/300722050309.mp4,For Xiaomi Mijia 1C STYTJ01ZHM Water Tank Cloth Mop Spare Parts Home Robot Vacuum Cleaner Replacement Accessories,ILS 12.16,ILS 12.16,0%,ILS,10.5,ILS 1.28,7.0,ILS 0.85,188,92.9%,https://s.click.aliexpress.com/e/_oFGj48S,A9QHG3VOV146,2024-02-01 07:45:00,2024-04-30 23:59:59,ILS 3.91,3854.0,ILS 3.95
1005006384087761,https://ae01.alicdn.com/kf/S74401e04b59643e4b83edaea5d471035C.jpg,https://video.aliexpress-media.com/play/u/ae_sg_item/2673073115/p/1/e/6/t/10301/1100144122608.mp4,Xiaomi Dental Oral Irrigator Water Flosser Thread Teeth Pick Mouth Washing Machine 5 Nozzels 3 Modes USB Rechargeable 300ml Tank,ILS 81.00,ILS 81.00,0%,ILS,10.5,ILS 8.50,7.0,ILS 5.67,67,97.1%,https://s.click.aliexpress.com/e/_oBfFw9M,3662NYFREWL5,2024-03-10 03:00:00,2024-04-30 23:59:59,ILS 3.23,90.0,ILS 16.17
1005006140596085,https://ae01.alicdn.com/kf/S134100e6e5d340cd90b05d861ee5a321u.jpg,https://video.aliexpress-media.com/play/u/ae_sg_item/247387327/p/1/e/6/t/10301/4000121772400.mp4,Namste Smart Battery Aroma Diffuser Essential Oil Aromatic Fragrant Device Electric Aromatic Oasis Scent Diffuser Home Freshener,ILS 128.67,ILS 128.67,0%,ILS,9.0,ILS 11.58,7.0,ILS 9.01,23,80.0%,https://s.click.aliexpress.com/e/_oFXlxLc,X2W3YK,2024-04-01 00:00:00,2024-04-30 23:59:59,ILS 7.82,99897.0,ILS 78.22
1005006389155201,https://ae01.alicdn.com/kf/Seebe33bddced4d32b8542988238d0448H.jpg,https://video.aliexpress-media.com/play/u/ae_sg_item/2673073115/p/1/e/6/t/10301/4000127218080.mp4,Xiaomi Air Humidifier Essential Oil Diffuser Humidity Digital Display Aromatherapy Portable Humidifiers Diffusers Double Nozzle,ILS 158.26,ILS 91.79,42%,ILS,7.0,ILS 6.43,7.0,ILS 6.43,6,100.0%,https://s.click.aliexpress.com/e/_oEkg5ai,3662NYFREWL5,2024-03-10 03:00:00,2024-04-30 23:59:59,ILS 3.23,90.0,ILS 16.17
1005006382495583,https://ae01.alicdn.com/kf/Sbb484af581a642e8ac6f7b84dd2b29d3S.jpg,null,Xiaomi New Portable Wireless Car Vacuum Cleaner Rechargeable Handheld Automotive Vacuum Cleaner Dust Catcher Large Suction,ILS 155.75,ILS 85.66,45%,ILS,8.0,ILS 6.85,7.0,ILS 6.00,10,100.0%,https://s.click.aliexpress.com/e/_onGBzcm,3662NYFREWL5,2024-03-10 03:00:00,2024-04-30 23:59:59,ILS 3.23,90.0,ILS 16.17
1005005064506603,https://ae01.alicdn.com/kf/Sb252e5e9477243dc94c891868636fa2du.jpg,https://video.aliexpress-media.com/play/u/ae_sg_item/250739053/p/1/e/6/t/10301/1100109909351.mp4,Main Side Brush Mop Cloth HEPA Filter For Xiaomi Mi Robot Vacuum Mop Pro STYJ02YM Mijia Vacuum Cleaner Replacement Accessories,ILS 9.86,ILS 9.86,0%,ILS,11.0,ILS 1.08,7.0,ILS 0.69,8,100.0%,https://s.click.aliexpress.com/e/_ok8JHB4,A9QHG3VOV146,2024-02-01 07:45:00,2024-04-30 23:59:59,ILS 3.91,3854.0,ILS 3.95
1005002920546950,https://ae01.alicdn.com/kf/Sd53a07f1c17d43ef9407b31755aff049o.jpg,https://video.aliexpress-media.com/play/u/ae_sg_item/2210917281045/p/1/e/6/t/10301/316116756569.mp4,Roborock S5 MAX S50 MAX S55MAX S6Max Electric Control Water Tank Spare Parts Vacuum Cleaner Water Tank Tray Accessories,ILS 11.65,ILS 11.65,0%,ILS,22.5,ILS 2.62,7.0,ILS 0.82,157,94.7%,https://s.click.aliexpress.com/e/_olcrl5o,A9QHG3VOV146,2024-02-01 07:45:00,2024-04-30 23:59:59,ILS 3.91,3854.0,ILS 3.95
1005005506621620,https://ae01.alicdn.com/kf/S35dc875833004c959d11bee2fe9f451fM.jpg,null,Electric Epilator 220V Rechargeable Removal Epilator Facial Hair Remover Lady Shaver Bikini Trimmer Body Depilatory Epilator,ILS 195.74,ILS 101.78,48%,ILS,8.0,ILS 8.14,7.0,ILS 7.12,7,100.0%,https://s.click.aliexpress.com/e/_ooJaohc,QY10BLLK25QX,2024-02-29 19:38:00,2024-04-30 23:59:59,ILS 4.31,135.0,ILS 43.12
32229532037,https://ae01.alicdn.com/kf/Se4171534b7ff44219d02b39581395615N.png,null,Coronwater Water Filter UV Lamp Ballast 12W to 16W for Water UV Disinfection EB-G16,ILS 65.08,ILS 65.08,0%,ILS,6.5,ILS 4.23,7.0,ILS 4.56,56,100.0%,https://s.click.aliexpress.com/e/_onSsmII,FGZLUK9YR4KE,2024-04-01 00:00:00,2024-04-30 23:59:59,ILS 7.82,339.0,ILS 58.66
1005005914491149,https://ae01.alicdn.com/kf/S7413a333d7d84678a818bf43e1daea34p.jpg,https://video.aliexpress-media.com/play/u/ae_sg_item/231111934/p/1/e/6/t/10301/1100168558493.mp4,25L Folding Portable Mini Washing Machines with Spin Dryer for Clothes Travel Home Sock Automatic Tourist Washer 110V 220V UK AU,ILS 738.26,ILS 428.20,41%,ILS,7.0,ILS 29.97,7.0,ILS 29.97,17,100.0%,https://s.click.aliexpress.com/e/_opbYFX4,NSPTB66L29,2024-03-04 01:26:00,2024-06-01 23:59:59,ILS 31.29,1631.0,ILS 31.33
1005002279407057,https://ae01.alicdn.com/kf/Sfd13d95af7874d70a23c29ccf3977adcF.jpg,https://video.aliexpress-media.com/play/u/ae_sg_item/2210917281045/p/1/e/6/t/10301/301116714178.mp4,Roborock S5 S50 S51 S55 S6 S60 S65 Water Tank And Filter Replacements Spare Parts Vacuum Cleaner Accessroies,ILS 13.14,ILS 13.14,0%,ILS,10.5,ILS 1.38,7.0,ILS 0.92,84,88.9%,https://s.click.aliexpress.com/e/_omwy44w,A9QHG3VOV146,2024-02-01 07:45:00,2024-04-30 23:59:59,ILS 3.91,3854.0,ILS 3.95
1005005673713572,https://ae01.alicdn.com/kf/S152ff235733f463f9c4b50578f139d40a.jpg,https://video.aliexpress-media.com/play/u/ae_sg_item/250739053/p/1/e/6/t/10301/1100171769769.mp4,Main Side Brush Mop Hepa Filter Dust Bag Cleaning Rolling Brush For Roborock S8 PLUS S8+ S8 Pro Ultra Robot Vacuum Accessories,ILS 8.88,ILS 8.88,0%,ILS,14.0,ILS 1.24,7.0,ILS 0.62,70,98.2%,https://s.click.aliexpress.com/e/_opNPL2S,A9QHG3VOV146,2024-02-01 07:45:00,2024-04-30 23:59:59,ILS 3.91,3854.0,ILS 3.95
1005003498312717,https://ae01.alicdn.com/kf/S3c8d52a5eb0744d1be724497974857fcE.jpg,https://video.aliexpress-media.com/play/u/ae_sg_item/254981692/p/1/e/6/t/10301/1100153409771.mp4,Namste 1000m³ Smart Home Freshener Device Electric Aromatic Oasis Air Purifier Perfume Fragrance Diffuser Smell Distributor WIFI,ILS 148.97,ILS 148.97,0%,ILS,8.5,ILS 12.66,7.0,ILS 10.43,163,89.5%,https://s.click.aliexpress.com/e/_o2cPAxs,FVYNLF1M5J8F,2024-04-01 00:00:00,2024-04-30 23:59:59,ILS 19.55,99820.0,ILS 136.88
1005005970647654,https://ae01.alicdn.com/kf/Sfa6a1e51d6bc4255b653f4137f6f51b6b.jpg,https://video.aliexpress-media.com/play/u/ae_sg_item/2678355895/p/1/e/6/t/10301/1100192150382.mp4,S15 Wireless Vacuum Cleaner 450W 30kPa Powerful 5 in 1 Cordless Vacuum Cleaner LED Display Handheld Sweeper Mopping Machine,ILS 1064.98,ILS 649.64,38%,ILS,8.0,ILS 51.97,7.0,ILS 45.47,24,94.3%,https://s.click.aliexpress.com/e/_opHIrfc,E2K3D714BHRJ,2024-03-28 07:50:00,2024-04-30 23:59:59,ILS 21.56,266.0,ILS 107.80
4001185173777,https://ae01.alicdn.com/kf/S19e5900813a84c55afc7649f83811f7aI.jpg,https://video.aliexpress-media.com/play/u/ae_sg_item/2206959562403/p/1/e/6/t/10301/279872327170.mp4,8000W Blow Dryer with Diffuser Ionic Hairdryer Extended Lifespan AC Motor 2 Speed and 3Heat Setting Cool Shut Button Fast Drying,ILS 246.19,ILS 201.88,17%,ILS,4.5,ILS 9.08,7.0,ILS 14.13,64,92.5%,https://s.click.aliexpress.com/e/_okpdfny,CAS68FSN9V1K,2024-04-01 03:00:00,2024-05-31 23:59:59,ILS 3.91,99954.0,ILS 39.11
1005005499937617,https://ae01.alicdn.com/kf/Sf846d7ede6444787b30968297feaa6659.jpg,https://video.aliexpress-media.com/play/u/ae_sg_item/2673435878/p/1/e/6/t/10301/4000126004674.mp4,Mini Insulin Portable Freezer Bag Carry-on Insulation Ice Bag Ice Pack Outdoor Medicine Box with Temperature Display,ILS 87.85,ILS 52.71,40%,ILS,10.0,ILS 5.27,7.0,ILS 3.69,40,93.3%,https://s.click.aliexpress.com/e/_oClwgXo,L3EDUPFDYESI,2024-03-19 03:00:00,2024-04-30 23:59:59,ILS 3.88,194.0,ILS 38.81
1005005039116867,https://ae01.alicdn.com/kf/Af01a64257a9743a4b00d1fd24e783718s.jpg,https://video.aliexpress-media.com/play/u/ae_sg_item/223460489/p/1/e/6/t/10301/1100158462809.mp4,CkeyiN Professional Electric Hair Cutting Machine Kit Adjustable LCD Clippers Rechargeable Man Shaver Trimmer For Men's Barber,ILS 354.91,ILS 177.43,50%,ILS,10.0,ILS 17.74,7.0,ILS 12.42,133,95.0%,https://s.click.aliexpress.com/e/_oDUD3Jk,213W5TDRCC3Y,2024-04-01 00:00:00,2024-04-30 23:59:59,ILS 5.87,99998.0,ILS 58.66
1005006384276373,https://ae01.alicdn.com/kf/Seb44a918cc4c4bd79c9707a800c4e9d1i.jpg,https://video.aliexpress-media.com/play/u/ae_sg_item/2673073115/p/1/e/6/t/10301/4000064964038.mp4,Xiaomi Mijia Home Appliance Remote Control Essential Oil Aroma Diffuser with LED Night Lamp for Room Aromatherapy Air Humidifier,ILS 100.25,ILS 100.25,0%,ILS,8.0,ILS 8.02,7.0,ILS 7.02,78,86.7%,https://s.click.aliexpress.com/e/_oBZaBN0,3662NYFREWL5,2024-03-10 03:00:00,2024-04-30 23:59:59,ILS 3.23,90.0,ILS 16.17
1005004863281482,https://ae01.alicdn.com/kf/S5aeb192441f742019d83d18424ff660d3.jpg,https://video.aliexpress-media.com/play/u/ae_sg_item/237341685/p/1/e/6/t/10301/1100094306042.mp4,SOOCAS Van Gogh X3U Electric Toothbrush Green Ultrasonic Sonic Tooth Brush Upgraded Type-c Fast Chargeable Adult IPX7 Waterproof,ILS 337.51,ILS 202.51,39%,ILS,7.0,ILS 14.18,7.0,ILS 14.18,170,96.2%,https://s.click.aliexpress.com/e/_oFPvl8O,OF8FSAO2HLNV,2024-03-01 00:00:00,2024-04-30 23:59:59,ILS 3.91,1575.0,ILS 39.11
1005006249122262,https://ae01.alicdn.com/kf/Sbae56f53d54a4f0a9e2e98960bd8f27bF.jpg,null,Lizze HairDryer 220V Negative Ion Quick Dry Home Powerful Hair Constant Flyaway Attachment Anion Electric Dryer,ILS 205.24,ILS 205.24,0%,ILS,8.0,ILS 16.42,7.0,ILS 14.37,47,98.0%,https://s.click.aliexpress.com/e/_oELANoA,MXREBAJA,2024-03-05 04:50:00,2024-04-30 23:59:59,ILS 26.95,99.0,ILS 204.82
1005001600782401,https://ae01.alicdn.com/kf/Hb3c2f275cf06447abea10f8df1930611Q.jpg,null,Replace Samsung Aqua-Pure Plus DA29-10105J HAFEX / EXP water purifier 3 packs,ILS 169.85,ILS 169.85,0%,ILS,7.0,ILS 11.89,7.0,ILS 11.89,215,100.0%,https://s.click.aliexpress.com/e/_op7eiUa,YQYYURV81ZFY,2024-04-16 00:00:00,2024-04-30 23:59:59,ILS 15.64,5983.0,ILS 136.88
1005005083382487,https://ae01.alicdn.com/kf/S35e3ba0907ea431f9e7769aa5d07b3a2I.jpg,https://video.aliexpress-media.com/play/u/ae_sg_item/254981692/p/1/e/6/t/10301/1100153912238.mp4,NAMASTE 500m³ Home Perfume Air Freshener New In Electric Aromatic Oasis Essential Oils Diffuser Bluetooth Control Capacity 150ML,ILS 150.37,ILS 150.37,0%,ILS,8.5,ILS 12.78,7.0,ILS 10.53,37,97.1%,https://s.click.aliexpress.com/e/_oEZjlTM,FVYNLF1M5J8F,2024-04-01 00:00:00,2024-04-30 23:59:59,ILS 19.55,99820.0,ILS 136.88
1005003322136237,https://ae01.alicdn.com/kf/S24db4826752d4555831fb4e739c4f103d.jpg,https://video.aliexpress-media.com/play/u/ae_sg_item/2210917281045/p/1/e/6/t/10301/327367328908.mp4,For Xiaomi Mi 1C STYTJ01ZHM Mijia Hepa Filter Side Brush Main Brush Main Brush Cover Vacuum Cleaner Replacement Accessories,ILS 10.99,ILS 10.99,0%,ILS,12.5,ILS 1.37,7.0,ILS 0.77,51,100.0%,https://s.click.aliexpress.com/e/_olYgF78,A9QHG3VOV146,2024-02-01 07:45:00,2024-04-30 23:59:59,ILS 3.91,3854.0,ILS 3.95
1005005465981160,https://ae01.alicdn.com/kf/S408fb087dda34142b2b5bf405b890fe1f.jpg,null,Mornwell T37 Electric Toothbrush Rotation Clean Teeth Adult Teeth Brush Electric Tooth Brush With 4 Extra Replacement Heads,ILS 106.81,ILS 58.86,44%,ILS,12.5,ILS 7.36,7.0,ILS 4.12,1437,93.1%,https://s.click.aliexpress.com/e/_oFy73YQ,ANGELA3,2024-04-19 03:20:00,2024-05-31 23:59:59,ILS 11.73,9967.0,ILS 46.93
1005004232028060,https://ae01.alicdn.com/kf/See1245091b7b4139a4f4aee9d4289cc1l.jpg,https://video.aliexpress-media.com/play/u/ae_sg_item/2660256835/p/1/e/6/t/10301/1100020699882.mp4,For Dyson V11 Motor Accessories Original Engine Motor Assembly Robot Vacuum Cleaner Host Shell Handle Replaceable Spare Parts,ILS 328.24,ILS 137.86,58%,ILS,7.0,ILS 9.65,7.0,ILS 9.65,14,100.0%,https://s.click.aliexpress.com/e/_okXeoXo,E6IMG4PVVJJM,2024-02-01 00:00:00,2024-04-30 23:59:59,ILS 3.91,88469.0,ILS 35.20
1005005613042606,https://ae01.alicdn.com/kf/S23423fd904af44e588f43fa94dcf47c2X.jpg,null,Fruit and Vegetable Cleaner Device Washing Machine Kitchen Gadget-Food Purifier for Deep Cleaning Fruits Tableware New Dropship,ILS 83.34,ILS 83.34,0%,ILS,20.0,ILS 16.67,7.0,ILS 5.83,6,100.0%,https://s.click.aliexpress.com/e/_ooXh5yQ,SDJIE666DUIG,2024-03-25 19:31:00,2024-05-31 23:59:59,ILS 3.91,9934.0,ILS 31.29
1005006462240403,https://ae01.alicdn.com/kf/Sf4ffae8fc2dc41e0973994b591c4a30cU.jpg,null,100% Brand new Original WAHL 8148 Electric Hairber Shaver Hair Trimer Home Appliances Travel Barber Razors high-end Men's gift,ILS 66.33,ILS 66.33,0%,ILS,8.0,ILS 5.31,7.0,ILS 4.64,280,95.8%,https://s.click.aliexpress.com/e/_oF2Mm9c,YF51ERI1XB3I,2024-03-28 05:00:00,2024-04-30 23:59:59,ILS 3.88,258.0,ILS 5.39
1005004484981743,https://ae01.alicdn.com/kf/S46019abdc324400da6f4a5e1150bc5e1Z.jpg,https://video.aliexpress-media.com/play/u/ae_sg_item/250739053/p/1/e/6/t/10301/1100060161119.mp4,For Xiaomi Mijia 1C STYTJ01ZHM Side Main Brush Water Tank Mop Cloth HEPA Filter Parts Kit Robot Vacuum Cleaner Accessories,ILS 8.80,ILS 8.80,0%,ILS,13.5,ILS 1.19,7.0,ILS 0.62,614,93.4%,https://s.click.aliexpress.com/e/_ona0i2O,A9QHG3VOV146,2024-02-01 07:45:00,2024-04-30 23:59:59,ILS 3.91,3854.0,ILS 3.95
1005004411878987,https://ae01.alicdn.com/kf/S4fa63e7839264c2d8813596d9741cdf2u.jpg,https://video.aliexpress-media.com/play/u/ae_sg_item/247387327/p/1/e/6/t/10301/1100196314183.mp4,Diffuser Essential Oils Herbaceous Collection 100ML And 500ML Fragrance Perfume Oil Smell For Home Professional Air Freshener,ILS 121.94,ILS 85.37,29%,ILS,9.0,ILS 7.68,7.0,ILS 5.98,8,100.0%,https://s.click.aliexpress.com/e/_opQkbZC,XN2AD6,2024-04-17 19:37:00,2024-04-30 23:59:59,ILS 7.82,75070.0,ILS 7.86
1005004067647681,https://ae01.alicdn.com/kf/Sa7c2fca46de04c429721e2b3f4f0ea52C.jpg,https://video.aliexpress-media.com/play/u/ae_sg_item/254981692/p/1/e/6/t/10301/1100156965487.mp4,Car Diffuser Room Fragrance High End Products Air Freshener Essential Oils Air Purifier USB Rechargeable Vibration Sensor Switch,ILS 144.35,ILS 144.35,0%,ILS,8.5,ILS 12.27,7.0,ILS 10.10,10,95.0%,https://s.click.aliexpress.com/e/_oFYMAeq,FVYNLF1M5J8F,2024-04-01 00:00:00,2024-04-30 23:59:59,ILS 19.55,99820.0,ILS 136.88
1005005271164133,https://ae01.alicdn.com/kf/S4e2bc988bfe747288826b8aed7312f955.jpg,null,Water Purifier Filter Stainless Steel Water Purifier Filter PPF Filter CTO RFC UF Ultrafiltration Membrane T33,ILS 58.68,ILS 55.16,5%,ILS,7.0,ILS 3.86,7.0,ILS 3.86,41,92.0%,https://s.click.aliexpress.com/e/_oFhFUIW,GRG2PK7032GV,2024-04-01 18:30:00,2024-04-30 23:59:59,ILS 5.39,95.0,ILS 5.40
1005006387303934,https://ae01.alicdn.com/kf/S2b71b5d9899e4641969082a978e97350b.jpg,null,Xiaomi Mijia Music LED Digital Alarm Clock Voice Control Night Light Design Desktop Clocks Home Table Decoration Children's Gift,ILS 58.02,ILS 58.02,0%,ILS,8.0,ILS 4.64,7.0,ILS 4.06,29,100.0%,https://s.click.aliexpress.com/e/_oCsGAeq,3662NYFREWL5,2024-03-10 03:00:00,2024-04-30 23:59:59,ILS 3.23,90.0,ILS 16.17
1005005308743725,https://ae01.alicdn.com/kf/Sce946d624656432ba083d33d88e7c5d9D.jpg,null,Left and Right Wheels Parts For Xiaomi Mi Robot Vacuum Mop 2 Pro 2 Lite  MJSTL MJST1S MJSTS1 Vacuum Cleaner Wheel Accessories,ILS 29.72,ILS 29.72,0%,ILS,8.5,ILS 2.53,7.0,ILS 2.08,264,98.7%,https://s.click.aliexpress.com/e/_oDnmgIm,A9QHG3VOV146,2024-02-01 07:45:00,2024-04-30 23:59:59,ILS 3.91,3854.0,ILS 3.95
1005005362782949,https://ae01.alicdn.com/kf/Sa7b09d649d1441eeb035622aa11c56b7c.jpg,null,Namste Aromatic Oils 500ML Pure Plant Luxury Fragrance Scent Aroma Essential Oils Oasis Hotels Electric Smell For Air Freshener,ILS 409.51,ILS 184.28,54%,ILS,9.0,ILS 16.59,7.0,ILS 12.90,45,97.5%,https://s.click.aliexpress.com/e/_oE9Q0TY,XKR54G,2024-04-01 00:00:00,2024-04-30 23:59:59,ILS 19.55,99899.0,ILS 191.63
1005005242982110,https://ae01.alicdn.com/kf/S4272f709a97c44ef9bbc03bc3be897afE.jpg,https://video.aliexpress-media.com/play/u/ae_sg_item/250739053/p/1/e/6/t/10301/1100126474884.mp4,Water Tank Dust Box Mop Cloth Spare Part For XiaoMi Mi Robot Vacuum-Mop 2 Lite 2 Pro MJSTL MJST1S MJST1SHW BHR5044EU Accessroies,ILS 20.22,ILS 20.22,0%,ILS,14.0,ILS 2.83,7.0,ILS 1.42,158,85.6%,https://s.click.aliexpress.com/e/_oF2FMCw,A9QHG3VOV146,2024-02-01 07:45:00,2024-04-30 23:59:59,ILS 3.91,3854.0,ILS 3.95
1005003158720412,https://ae01.alicdn.com/kf/Sef91000e1f824a34b0cc50353324b7c0d.jpg,https://video.aliexpress-media.com/play/u/ae_sg_item/2210917281045/p/1/e/6/t/10301/322208236689.mp4,For Xiaomi 1 1S Roborock S5 S6 MAX S6 Pure Accessories Vacuum Cleaner Parts Washable Mop Cloth HEPA Filter Main Brush Side Brush,ILS 8.33,ILS 8.33,0%,ILS,15.5,ILS 1.29,7.0,ILS 0.58,166,96.4%,https://s.click.aliexpress.com/e/_okUYrq2,A9QHG3VOV146,2024-02-01 07:45:00,2024-04-30 23:59:59,ILS 3.91,3854.0,ILS 3.95
1005004524398327,https://ae01.alicdn.com/kf/S4ddd635c4ffe47bdb4c5b57d2a80cb70a.jpg,https://video.aliexpress-media.com/play/u/ae_sg_item/250739053/p/1/e/6/t/10301/1100065615564.mp4,Water Tank For Dreame F9 Vacuum Cleaner Accessories Mop Cloth Washable Cleaning Rag Mijia Replacement Robot Spare Part,ILS 20.53,ILS 20.53,0%,ILS,10.5,ILS 2.16,7.0,ILS 1.44,106,97.1%,https://s.click.aliexpress.com/e/_okrH5jk,A9QHG3VOV146,2024-02-01 07:45:00,2024-04-30 23:59:59,ILS 3.91,3854.0,ILS 3.95
1005006279423380,https://ae01.alicdn.com/kf/Se813124c78ca4ae0aabecc696b0d39777.jpg,null,For Dreame V8/V9B/V9P/V11/G9 Xiaomi K10/G10 Xiaomi 1C Electric Brush Head Carpet brush Vacuum Cleaner Parts,ILS 239.74,ILS 115.06,52%,ILS,10.0,ILS 11.51,7.0,ILS 8.05,23,100.0%,https://s.click.aliexpress.com/e/_omB0RV0,E6IMG4PVVJJM,2024-02-01 00:00:00,2024-04-30 23:59:59,ILS 3.91,88469.0,ILS 35.20
1005005970205187,https://ae01.alicdn.com/kf/Sd7f8e912f0ac4c3f85f1779179818df34.jpg,https://video.aliexpress-media.com/play/u/ae_sg_item/250739053/p/1/e/6/t/10301/1100179402412.mp4,Roborock Q Revo P10 A7400RR Spare Parts Main Side Brush Hepa Filter Mop Cloths Holder Dust Bag Robot Vacuums Cleaner Accessories,ILS 8.88,ILS 8.88,0%,ILS,8.5,ILS 0.75,7.0,ILS 0.62,128,96.9%,https://s.click.aliexpress.com/e/_oEXa5T4,A9QHG3VOV146,2024-02-01 07:45:00,2024-04-30 23:59:59,ILS 3.91,3854.0,ILS 3.95
1005004439414084,https://ae01.alicdn.com/kf/Scb06db05c99c4ef9b72977ff2ee47b0eQ.jpg,null,Water Tank Parts For Xiaomi 2C STYTJ03ZHM Dreame D9 D9 Pro L10 L10 Pro Vacuum Cleaner Cleaning Cloth Mop Replacement Accessories,ILS 9.27,ILS 9.27,0%,ILS,10.5,ILS 0.97,7.0,ILS 0.65,93,100.0%,https://s.click.aliexpress.com/e/_o2byVia,A9QHG3VOV146,2024-02-01 07:45:00,2024-04-30 23:59:59,ILS 3.91,3854.0,ILS 3.95
1005006166069584,https://ae01.alicdn.com/kf/S393729deb4da4d9f9a7fb78d401c472bl.jpg,https://video.aliexpress-media.com/play/u/ae_sg_item/2670768132/p/1/e/6/t/10301/1100191217203.mp4,NAMSTE 3000M³ Smart Aroma Diffuser WIFI Bluetooth Control HVAC Function Electric Aromatic Oasis  For Home Hotel 800ML Capacity,ILS 904.90,ILS 564.66,37%,ILS,8.0,ILS 45.17,7.0,ILS 39.53,22,100.0%,https://s.click.aliexpress.com/e/_onrKv2S,PCO4MA329DN2,2024-04-01 00:00:00,2024-04-30 23:59:59,ILS 19.55,6889.0,ILS 195.54
1005005585268099,https://ae01.alicdn.com/kf/Sf9a40c344d8445baa2e32b54df6a32b52.jpg,https://video.aliexpress-media.com/play/u/ae_sg_item/2673363608/p/1/e/6/t/10301/1100205673290.mp4,NAMSTE Perfume Diffuser Home Fragrance Air Freshener Electric Aromatic Oasis Power 7W 300ML Capacity WIFI Bluetooth Smart Contro,ILS 674.47,ILS 303.52,54%,ILS,10.5,ILS 31.87,7.0,ILS 21.25,111,95.0%,https://s.click.aliexpress.com/e/_opnTdpu,E2F822XY1A9X,2024-04-01 00:00:00,2024-04-30 23:59:59,ILS 19.55,99928.0,ILS 117.33
1005005859576619,https://ae01.alicdn.com/kf/Sb22d551b28af4d878a7bc509db8bcbe3s.jpg,https://video.aliexpress-media.com/play/u/ae_sg_item/2674659885/p/1/e/6/t/10301/1100164913844.mp4,Vacuum Sealer Automatic Vacuum Packaging Machine Kitchen Storage Bags Commercial Vacuum Foods Sealing Device 300mm Degasser,ILS 278.73,ILS 216.74,22%,ILS,7.0,ILS 15.17,7.0,ILS 15.17,17,90.0%,https://s.click.aliexpress.com/e/_om7iH8W,null,null,null,null,null,null
1005006173766421,https://ae01.alicdn.com/kf/S6358e8eec1914ff2880fd6b46963d326i.jpg,null,"100% Original Wahl 8148 5 Star Magic Clip Clipper Sem Fio-Barbeador De Cabelo , Aparador Corte De Hair clipper/BLACK GOLD/RED",ILS 170.92,ILS 170.92,0%,ILS,10.5,ILS 17.95,7.0,ILS 11.96,369,95.4%,https://s.click.aliexpress.com/e/_oo5susa,YF51ERI1XB3I,2024-03-28 05:00:00,2024-04-30 23:59:59,ILS 3.88,258.0,ILS 5.39
1005006345776725,https://ae01.alicdn.com/kf/S606eb9b815554577b196a32fb719bcb7S.jpg,https://video.aliexpress-media.com/play/u/ae_sg_item/247387327/p/1/e/6/t/10301/4000134318646.mp4,Namste WIFI Bluetooth Aroma Diffuser 300ML Essential Oil Capacity Electric Aromatic Oasis Coverage1000m³  Air Freshener Device,ILS 610.45,ILS 305.20,50%,ILS,10.5,ILS 32.05,7.0,ILS 21.36,18,88.6%,https://s.click.aliexpress.com/e/_oCVmQgE,XKR54G,2024-04-01 00:00:00,2024-04-30 23:59:59,ILS 19.55,99899.0,ILS 191.63
1005005556828243,https://ae01.alicdn.com/kf/S875f79789a6c4d6ba7877e84f0c77fd5l.jpg,https://video.aliexpress-media.com/play/u/ae_sg_item/2673363877/p/1/e/6/t/10301/1100163230797.mp4,Namste Essential Oils Diffuser Aroma Scent Machine WIFI Control Home Air Freshener Hotel Fragrant Device Electric Aromatic Oasis,ILS 648.82,ILS 324.41,50%,ILS,10.0,ILS 32.44,7.0,ILS 22.71,56,100.0%,https://s.click.aliexpress.com/e/_okZHIU6,DCF1PS,2024-04-01 00:00:00,2024-05-31 23:59:59,ILS 19.55,99967.0,ILS 156.44
1005003443621925,https://ae01.alicdn.com/kf/S264fbdcc36b64e8a837dc77b7717bcebZ.jpg,https://video.aliexpress-media.com/play/u/ae_sg_item/254981692/p/1/e/6/t/10301/1100152498197.mp4,500m³ Hotel Aroma Essential Oil Diffuser Multi Segment Timing Air Freshener Room Fragrance Office Perfume Purifier Scent Machine,ILS 1336.94,ILS 614.99,54%,ILS,11.0,ILS 67.65,7.0,ILS 43.05,63,83.3%,https://s.click.aliexpress.com/e/_ok0sIlc,GEWJBGND2XAG,2024-04-01 00:00:00,2024-04-30 23:59:59,ILS 39.11,99899.0,ILS 391.09
4000083360988,https://ae01.alicdn.com/kf/S138dd336b21042e399497eab988c9592p.jpg,https://video.aliexpress-media.com/play/u/ae_sg_item/224468715/p/1/e/6/t/10301/4000090404579.mp4,Replacement Bottle for 05 Scent Machine Fragrance Aroma Diffuser( Not Include Machine)(Bottle Color Green/orange),ILS 47.71,ILS 42.61,10%,ILS,7.0,ILS 2.98,7.0,ILS 2.98,29,80.0%,https://s.click.aliexpress.com/e/_okisCvG,NCSL1HZOABLP,2024-03-01 00:00:00,2024-05-29 23:59:59,ILS 10.78,592.0,ILS 16.17
1005004132209591,https://ae01.alicdn.com/kf/Sbe8c929233d246c09de0400983c0d2311.jpg,https://video.aliexpress-media.com/play/u/ae_sg_item/2660256835/p/1/e/6/t/10301/1100008965712.mp4,For Dyson V11 V10 motor head Accessories Original engine Assembly handle shell Robot vacuum cleaner Replacement clean spare part,ILS 262.73,ILS 178.65,32%,ILS,8.0,ILS 14.29,7.0,ILS 12.51,30,100.0%,https://s.click.aliexpress.com/e/_oFBy2Dy,E6IMG4PVVJJM,2024-02-01 00:00:00,2024-04-30 23:59:59,ILS 3.91,88469.0,ILS 35.20
1005003990721954,https://ae01.alicdn.com/kf/Sa37a190d1cbe4461b7f9b3253e41fb50F.jpg,null,1 Set Meat Grinder Gear Mincer Pinion Attachment for Braun Power Plus G1100 G1300 G1500 G3000 KG23 KG24 Kitchen Appliance Part,ILS 46.54,ILS 46.54,0%,ILS,7.0,ILS 3.26,7.0,ILS 3.26,29,100.0%,https://s.click.aliexpress.com/e/_olf1gow,B1EVAEM6B5SE,2024-04-01 00:00:00,2024-05-31 23:59:59,ILS 3.91,960.0,ILS 31.29
1005004211963004,https://ae01.alicdn.com/kf/Scb475c14695e46fe92e04771a13c6249h.jpg,https://video.aliexpress-media.com/play/u/ae_sg_item/2652794265/p/1/e/6/t/10301/1100017709397.mp4,Electric Multifunctional New Coffee Grinder Kitchen Cereal Nuts Beans Spices Grains Grinder Machine For Home Coffee Grinder,ILS 136.80,ILS 83.46,38%,ILS,7.0,ILS 5.84,7.0,ILS 5.84,15,100.0%,https://s.click.aliexpress.com/e/_onY6MKI,Y14969SE7AA3,2024-03-31 19:29:00,2024-04-30 23:59:59,ILS 3.91,975.0,ILS 39.11
1005006109828441,https://ae01.alicdn.com/kf/S8bb9f6ada9b245029329722626367050X.jpg,https://video.aliexpress-media.com/play/u/ae_sg_item/2652794265/p/1/e/6/t/10301/1100193743883.mp4,Professional Hair Dryer Strong Wind Salon Dryer Hot Air and Cold Air Wind Negative Ionic Hammer Blower Dry Electric Hair Dryer,ILS 102.86,ILS 51.43,50%,ILS,7.0,ILS 3.60,7.0,ILS 3.60,248,82.2%,https://s.click.aliexpress.com/e/_omHlZxk,Y14969SE7AA3,2024-03-31 19:29:00,2024-04-30 23:59:59,ILS 3.91,975.0,ILS 39.11
1005006182877810,https://ae01.alicdn.com/kf/S177ff18b9fef4979966097d155a53b9fy.jpg,https://video.aliexpress-media.com/play/u/ae_sg_item/2652794265/p/1/e/6/t/10301/1100198948704.mp4,10000pa Vacuum Mite Remover UV Sterilization 3 in 1 Detachable Wireless Vacuum Cleaner for Home Car Mattresses Sofas Clean Dust,ILS 395.94,ILS 197.97,50%,ILS,7.0,ILS 13.86,7.0,ILS 13.86,36,91.4%,https://s.click.aliexpress.com/e/_okYUDjc,Y14969SE7AA3,2024-03-31 19:29:00,2024-04-30 23:59:59,ILS 3.91,975.0,ILS 39.11
1005005065462297,https://ae01.alicdn.com/kf/Sd6c041a449ed4ca9b253854bfe91d4e3e.jpg,null,SOOCAS D2 Adult Sonic Electric Toothbrush UVC Sterilization Timer Brush Long Standby 3 Tooth Care Modes IPX7 Type-C Charge Brush,ILS 163.63,ILS 163.63,0%,ILS,7.0,ILS 11.45,7.0,ILS 11.45,49,100.0%,https://s.click.aliexpress.com/e/_olwUCae,OF8FSAO2HLNV,2024-03-01 00:00:00,2024-04-30 23:59:59,ILS 3.91,1575.0,ILS 39.11
1005003842489970,https://ae01.alicdn.com/kf/Scda7110613b7446aa22d86a85d52d89dz.jpg,https://video.aliexpress-media.com/play/u/ae_sg_item/254981692/p/1/e/6/t/10301/1100153420059.mp4,500ML Hotel Fragrance Essential Oils Diffuser Supplements Air Purifier Scenting Device Air Freshener Car Humidifier Air Ionizer,ILS 522.69,ILS 230.00,55%,ILS,8.5,ILS 19.55,7.0,ILS 16.10,75,89.5%,https://s.click.aliexpress.com/e/_oEHuRV0,FVYNLF1M5J8F,2024-04-01 00:00:00,2024-04-30 23:59:59,ILS 19.55,99820.0,ILS 136.88
1005005009650287,https://ae01.alicdn.com/kf/S0a62a9ca04344ae58c06f305941e22b1v.jpg,https://video.aliexpress-media.com/play/u/ae_sg_item/250739053/p/1/e/6/t/10301/1100104999826.mp4,Roborock S5 MAX S50 MAX S55 MAX S6 MAXV HEPA Filter Side/Main Brush Water Tank Tray Mop Dust Box Vacuum Cleaner Accessories,ILS 8.92,ILS 8.92,0%,ILS,14.0,ILS 1.25,7.0,ILS 0.62,828,92.4%,https://s.click.aliexpress.com/e/_opaTN38,A9QHG3VOV146,2024-02-01 07:45:00,2024-04-30 23:59:59,ILS 3.91,3854.0,ILS 3.95
1005005490483888,https://ae01.alicdn.com/kf/Sec6bb6620ac04dfeb2b1ad409032d6b7I.jpg,null,Xiaomi Youpin Smart Car Usb Ozone Generator Sanitizing Machine Air Purifier Ozonizer Cleaner Freshener for Car Remove Somke Odor,ILS 129.37,ILS 67.27,48%,ILS,8.0,ILS 5.38,7.0,ILS 4.71,19,95.0%,https://s.click.aliexpress.com/e/_okIsB1Y,3662NYFREWL5,2024-03-10 03:00:00,2024-04-30 23:59:59,ILS 3.23,90.0,ILS 16.17
