NEXT id =11343,Вкл,Название,Родительская категория,Коренеая категория ? (Выкл),Описание на сайте (512 символов),Заголовок для поисковых машин (МЕТА),Описание для поисковых машин,Ключевые слова для поиска,короткий URL,URL картинки,ALT картинки,"Магазины (1,2,3)",Порядок строк,URL (необязательно),ChatGPT
11036,1,בית ועיצוב פנים,2,0,,,,,,,,,,,
11225,1,landing pages,2,0,,,,,,,,,,,
11245,1,טיפוח ויופי,2,0,,,,,,,,,,,
11342,1,אמיל עיצוב רהיטים,2,0,"Emil Design - עיצוב רהיטים בהתאמה אישית

ברוכים הבאים לעמוד של Emil Design! אנחנו מתמחים ביצירת רהיטים בהזמנה אישית, המותאמים בדיוק לצרכים ולסגנון העיצוב שלכם. עם דגש על איכות, דיוק וחדשנות, אנחנו הופכים את החזון שלכם למציאות עם רהיטים ייחודיים ואסתטיים.

מה אנחנו מציעים:

🛋️ רהיטים בהזמנה אישית: עיצוב וייצור רהיטים בלעדיים המותאמים לסגנון ולממדים של החלל שלכם.
🎨 קטלוג דוגמאות: מבחר רחב של דוגמאות עיצוב להשראה או ליצירה מותאמת אישית.
🌟 שירות אישי: ליווי צמוד בכל שלב, מהתכנון ועד ההתקנה, כדי להבטיח תוצאה מושלמת.
💼 ניסיון ומקצועיות: שנים של ניסיון בעיצוב וייצור רהיטים איכותיים.
מחפשים השראה או מתכננים את הפרויקט המושלם? לפרטים נוספים והזמנות, צרו איתנו קשר בטלפון: 054-258-0101.

Emil Design – רהיטים בעיצוב אישי עם אופי ואיכות.",,,,,,,,,,
11163,1,המומחיות שלנו,2,1,,,,,Our_specialty,,,,,,
11164,1,ייצור מיטבחים בהזמנה,11163,0,"יצור מטרת הרהיטים על פי הזמנה:
אנחנו מתמחים ביצור רהיטים על פי הזמנה כדי ליצור פריטים ייחודיים ופונקציונליים עבור הבית או המשרד שלך. צוות המומחים שלנו עובד יחד איתך כדי להבין את צרכיך והעדפותיך וליצור עיצוב אישי התואם את הסגנון והדרישות שלך. אנחנו משתמשים בחומרים איכותיים ובשיטות ייצור מקצועיות כדי להבטיח עמידות ויופי לרהיטים שלך לאורך שנים רבות.",,,,Making_furniture_to_order,,,,,,
11190,1,הובלה זהירה עם הבטחה,11163,,"יחד עם ההובלה המדויקת, אנו מבטיחים מתן שירות מקצועי ובטוח. צוות ההובלה שלנו מיומן ויעיל, והוא יטפל בהעברת הרהיטים שלך בקפידה ובאמינות. אנחנו מבטיחים שהרהיטים שלך יגיעו ליעדם במצבם הטוב ביותר ובמועד המוגן. אנו מבצעים הובלה באמצעות רכבים מאובזרים ובעלי הגנות למניעת נזקים ושברים.

בנוסף, אנחנו גאים להציע אחריות מלאה על ההובלה שלנו. אם קיימים נזקים או אובדן במהלך ההובלה, אנו נשפצים אותם במלואם ונספק לך פתרון תקף. אנחנו מבטיחים שתוכל להיות מרוצה מחווית ההובלה ולהיות בטוח שהרהיטים שלך יגיעו בצורה בטוחה ונכונה.",,,,Careful_delivery_with_guarantee,,,,,,
11165,1,הרכבה לפי פרויקטים אישיים,11163,0,"הרכבה לפי פרויקטים אישיים:
באמצעותנו, תוכל להזמין הרכבה לפי פרויקטים אישיים כדי לוודא שהרהיטים שלך יותאמו בדיוק לתכניות המקוריות. אנחנו נשלח צוות מיומן של אנשי ההרכבה שלנו אליך, והם יתייחסו בקפידה לפרטים ויבצעו את ההרכבה בצורה מקצועית ומדויקת. אנחנו נדאג להבטיח שהרהיטים שלך יוצגו בצורה הטובה ביותר ויתפקדו לפי הציפיות שלך.",,,,Assembly_according_to_individual_projects,,,,,,
11166,1,תיקון ושדרוג של רהיטים,11163,0,"תיקון ושדרוג רהיטים:
אנו מציעים שירותי תיקון ושדרוג רהיטים כדי לתת להם מראה חדש ולשדרג את פונקציונליותם. צוות המומחים שלנו יבחן את המצב של הרהיטים שלך וימלא את הצרכים שלך, כולל תיקונים, שיפוצים, חידושים והוספת אביזרים. נשקול את האפשרויות השונות ונעבוד בשיתוף עמך כדי להבטיח שהרהיטים שלך יותאמו למלוא הציפיות שלך וישרתו אותך לאורך זמן.",,,,Furniture_repair_and_refurbishment,,,,,,
11167,1,רהיטים המיוצרים על ידינו,11163,0,"רהיטים שנעשו על ידינו:
אנחנו גאים במגוון הרהיטים שאנחנו יוצרים. מהרהיטים המותאמים אישית לתכניות המקוריות, ועד לרהיטים שאנו מביאים לך ממיטב היצרנים בתחום. אנחנו דואגים לבחור רק את הרהיטים המתאימים ביותר לסגנון העיצוב שלך ולצרכיך המיוחדים. תהנה מרהיטים באיכות מעולה, מראה מודרני ופונקציונליות יוצאת דופן, שיישארו איתך לאורך זמן.",,,,Furniture_made_by_us,,,,,,
11037,1,רהיטים,11036,0,עיצוב פנים נפלא עם הרהיטים המובילים שלנו,הרהיטים האיכותיים והמעוצבים שלנו ישדרגו את הבית שלכם לרמה הבאה,"בקטגוריות השונות תוכלו למצוא ספות, כורסאות, שולחנות, ארונות, מיטות ועוד, וכן טיפים ומדריכים לעיצוב הבית בצורה מושלמת. הגעו אלינו עוד היום וגלו את המגוון הרחב שלנו. נשמח לעזור לכם ליצור את הבית המושלם שתמיד חלמתם עליו.","ריהוט, ריהוט לבית, כסאות, שולחנות, ארונות, מיטות, ספות, טלוויזיה, וילונות, מנורות, תאורה, דקור, אביזרים לבית, עיצוב פנים, אקססוריז לריהוט, איכות, נוחות, מחירים נוחים, עיצוב מודרני, עיצוב מסורתי, עיצוב עכשווי, ריהוט עתיק, ריהוט רוסטי, ריהוט יוקרתי",furniture,,,,,,
11039,1,שטיחים,11036,0,השטיחים - המסורת נפגשת עם המודרניות,מסורת ועיצוב מודרני - השטיחים שיכולים לעשות את השינוי,"השטיחים הם אמנות עיצובית מדהימה. יכולים לשדרג חללים ולהזמין אורחים. מרהיבים בטקסטורות, צבעים וצורות. השטיח המתאים משנה הכל. איכותיים, מעוצבים עם סגנונות שונים. בחרו טקסטורה וצבע ותתאימו לצרכים שלכם.","שטיחים, אמנות, טכניקות מסורתיות, עיצוב מודרני, חוויה חזותית, טקסטורות, צבעים, צורות, חלל, יוצא דופן, חדר, מעוצב, חומרים איכותיים, סגנון בית.",carptes,,,,,,
11040,1,מזרנים,11036,0,נוחות ואיכות - המזרנים שישדרגו את שינת הלילה שלך,מזרנים מותאמים אישית - חלומות מתוקים מחכים לך,"מבחר מגוון של מזרנים איכותיים ומותאמים אישית עומדים לרשותך. תיאורנו מתמקד במזרנים המעניקים נוחות משופרת ותמיכה מותאמת לגוף, מה שמבטיח שינה מרגיעה ומרעננת. ניתן למצוא את המזרנים האידיאליים לסוג השינה שלך, בין אם אתה מעדיף מזרנים רכים או קשים, ובמבחר רחב של גדלים. המזרנים שלנו מיוצרים באיכות גבוהה עם שימוש בחומרים ברמה הגבוהה ביותר כדי להבטיח אורך חיים ארוך ושימוש נוח על ידי לקוחותינו. תמצא את המזרן המושלם עבורך ותיהנה משינה איכותית ומרעננת כל לילה.","מיזרונים, מיזרונים איכותיים, מיזורונים אישיים, סגנון שינה , מיזורונים זולים, מיזורונים יוקרתיים, מיזורונים אורתופדיים, מיזורונים מזרוני זיכרון, מיזורונים להקלת לחץ, סקירות על מיזרונים, מדריך לקניית מיזרון, הצעות והנחות על מיזרונים, אחריות על מיזרונים",mattresses,,,,,,
11041,1,טקסטיל,11036,0,,טקסטיל,"אופציות מדהימות לעיצוב הבית. מגוון עצום של טקסטיל מפנק, כריות ומיטות מפנקות. בדים איכותיים לחדרי הבית - סלון, שינה, שרותים ומטבח. מוצרים מצוינים שיעניקו חמימות ונעימות.","אופציות מדהימות לעיצוב הבית. מגוון עצום של טקסטיל מפנק, כריות ומיטות מפנקות. בדים איכותיים לחדרי הבית - סלון, שינה, שרותים ומטבח. מוצרים מצוינים שיעניקו חמימות ונעימות.",textile,,,,,,
11042,1,ביתך המושלם,11036,0,,אביזרים,,,accessories,,,,,,
11206,1,Art Deko,11036,0,,,,,,,,,,,
11235,1,תאורה וחשמל,11036,0,"קטגוריה זו כוללת מידע ומקורות הקשורים לתאורה ביתית וחשמל. כאן תמצא מלצות לבחירת נורות אנרגיה יעילה, מידע על התקנה ושימור ציוד חשמלי בבית והמלצות פרקטיות לחיסכון באנרגיה ולבטיחות.
",,,,,,,,,,
11223,1,מחשירי בית,11036,0,,,,,,,,,,,
11044,1,רהיוט לבית,11037,,תיאמו את האסתטיקה שלכם עם רהיטים מודרניים ואיכותיים,גבה את ביתך עם הריהוט המושלם!,"גלו את הטרנדים ורעיונות העיצוב האחרונים לריהוט. חקרו סגנונות, חומרים ותכונות פונקציונליות של ספות, כורסאות, שולחנות קפה, מרכזי בידור ומדפי ספרים. שפרו את החלל המגורים שלכם עם טיפים והמלצות מומחים שלנו. בואו לראות את המבצעים וההמלצות שלנו עכשיו!","ספות,סקשנילים,כסאות,כורסאות מנוחה,שולחנות קפה,שולחנות צד,מזנונים לטלוויזיה,תקריות מדפים,ספריות,ארונות תצוגה,מרכזיות לבידור,פוטומנים,הדומים ומרפסות,סטים לסלון",living_space_furniture,,,,,,
11045,1,רהיוט למשרד,11037,,ארגון מושלם - רהיטים מעוצבים למשרד המסייעים בארגון וניהול המרחב,הפועלים היצירתיים - רהיטים למשרד בעיצוב מודרני ואיכותי,שדרגו את המשרד שלכם עם רהיטים מודרניים ומתקדמים. הביאו לחלל העבודה יוקרה ויופי עם רהיטים בעיצוב מרהיב ואיכות מעולה. יצרו אווירה מקצועית ונעימה עם רהיטים נוחים ופונקציונליים. חדשו וארגנו את המרחב באופן מושלם ונציגו את המותג שלכם באמצעות רהיטים ייחודיים ואיכותיים. השקיעו ביציבות ועמידות עם רהיטים בנויים מחומרים איכותיים.,"רהיטים למשרד, רהיטים מודרניים,,רהיטי משרד,רהיטים פונקציונליים,רהיטים מרהיבים,מערכות משרד, שולחנות משרד,כיסאות משרד,ארונות משרד,כורסאות משרד, מגירות משרד, ספסלים משרדיים,עיצוב פנים למשרד,רהיטים ייחודיים",work_space_furniture,,,,,,
10965,1,חלל המגורים,11044,0,,,,,living_space,,,,,,
10966,1,חדר השינה,11044,0,,,,,bedroom,,,,,,
10967,1,הכניסה לבית,11044,0,,,,,Entrance-to-the-house,,,,,,
10968,1,פינת האוכל,11044,0,,,,,dining_area,,,,,,
10969,1,חדר הרחצה,11044,0,,,,,bathroom,,,,,,
10970,1,המשרד,11044,0,,,,,home_office,,,,,,
10971,1,חדר הילדים,11044,0,,,,,childrens_room,,,,,,
10972,1,מרפסת וגן,11044,0,,,,,balcony_and_garden,,,,,,
10973,1,חדר האורחים,11044,0,,,,,guestroom,,,,,,
11197,1,מתבח,11044,0,,,,,kithen,,,,,,
11237,1,פאטיו,11044,,,,,,,,,,,,
11055,1,ספות,10965,,"ספות:
הסעיף של הספות מציע מגוון רחב של סוגים ועיצובים של ספות המשלבים נוחות, איכות וסטייל. תוכל למצוא ספות בגדלים שונים, כולל ספות תלת מקומות, דו-מקומות, ספות פינתיות וספות נפתחות למיטה. בחירת ספה המתאימה לך תוכל להעניק לחלל המגורים שלך או לחדר האורחים נוכחות ונוחות מרשימה.",שילוב מושלם של סגנון ופונקציונליות - ספות שלנו,"מבחר ספות ומושבים לעיצוב הסלון שלכם. מספות עכשוויות ומודרניות לספות קלאסיות ומסורתיות. איכות, נוחות ועיצוב מושקע במגוון רחב של חומרים וצבעים. תיהנו מפינת המרפסת המפנקת שלכם עם ספה נוחה ואיכותית.","ספות, מושבים, סלון, עיצוב, עכשווי, מודרני, קלאסי, מסורתי, איכות, נוחות, עיצוב מושקע, חומרים, צבעים, מרפסת, נוחותית",Sofas-and-Sectionals,,,,,,
11056,1,מיטות,10965,,"מיטות:
הסעיף של המיטות מציע מגוון רחב של מיטות המשלבות נוחות, עיצוב ואיכות ברמה גבוהה. תוכל למצוא מיטות בגדלים שונים כמו מיטות זוגיות, יחידות ומיטות מתקפלות. גם בנושא עיצוב וסגנון, ישנן אפשרויות רבות לבחירה, מהמודרני והמינימליסטי עד הקלאסי והרומנטי.",נפילתך לספה המושלמת - חוויה של רוגע ושלווה,"חדשות אחרונות מתחום הספות! גרסאות מעוצבות, חומרים איכותיים ונוחות מובטחת. חלל מגורים משופר עם הספה המושלמת. גרסאות מותאמות אישית לסגנון החיים שלך. גלה את המבחר המרהיב היום!","ספות, גרסאות מעוצבות, חומרים איכותיים, נוחות, חלל מגורים, גרסאות מותאמות אישית, סגנון החיים",beds,,,,,,
11057,1,כסאות וכורסאות,10965,,"כסאות וכורסאות:
הסעיף של הכסאות והכורסאות מציע מגוון עשיר של כסאות וכורסאות לפני המחשב, לסלון, לחדר השינה ולחדר האוכל. תוכל למצוא כסאות בעיצובים שונים, כולל כסאות משרד, כורסאות בסגנונות מודרניים, כורסאות מנהלים וכסאות אוכל. בחירת כסא או כורסא המתאימה לך תעניק נוחות וסטייל לחלל המגורים או העבודה שלך.",מסע בנוחות וסגנון - כסאות וכורסאות,"התרפו עם כסאות וכורסאות המשלבות נוחות, איכות וסגנון מעוצב. הפנינג המושלם לביתך, משרה או מרפאה. גלו את האיכות הגבוהה והמראה המושך ותחוו נוחות יוצאת דופן בכל רגע.","כסאות, כורסאות, נוחות, איכות, סגנון, מעוצב, פנינג, בית, משרה, מרפאה, איכות גבוהה, מראה מושך, נוחות יוצאת דופן.",Chairs-and-Recliners,,,,,,
11058,1,"שולחנות, שולחנות קפה ושולחנות צד",10965,,"שולחנות, שולחנות קפה ושולחנות צד:
הסעיף של השולחנות מציע מגוון רחב של שולחנות לסלון, לחדר האוכל ולמרפסת. תוכל למצוא שולחנות עגולים, מלבניים ומרובעים בגדלים ועיצובים שונים. בנוסף, תוכל למצוא גם שולחנות קפה ושולחנות צד המשלבים פונקציונליות וסטייל באופן מושלם. בחירת השולחן המתאים תוסיף אסתטיקה ופרקטיות לחלל המגורים שלך.",השולחנות המושלמים לכל פינה בביתך ,"שולחנות מעוצבים במיוחד עם סגנונות ייחודיים ואיכות מעולה. יש להם תכונות פונקציונליות ומרהיבות שמשדרות אווירה מודרנית ואלגנטית לכל חלל. תמצאו את השולחנות המושלמים לסלון שלכם במגוון רחב של גדלים, צבעים וחומרים. הוסיפו סטייל ושדרוג לבית עם שולחנות מרהיבים ומרגשים.","שולחנות, שולחנות קפה, שולחנות צד, מעוצבים, סגנונות, איכות, פונקציונליות, מרהיבים, אלגנטיים, מודרניים, צבעים, חומרים, גדלים, סטייל, שדרוג.",tables,,,,,,
11059,1,עמדות טלוויזיה ושידות,10965,,"עמדות טלוויזיה ושידות:
הסעיף של עמדות הטלוויזיה והשידות מציע מגוון רחב של רהיטים המתאימים להנחת מסכי טלוויזיה, סטריאו, מערכות הקלטה ועוד. תוכל למצוא עמדות טלוויזיה מודרניות, קלאסיות ופונקציונליות, כמו גם שידות לאחסון ותצוגה. בחירת העמדה או השידה המתאימה תעניק מראה מסודר וארגוני לפני הטלוויזיה ותשדרג את חלל המגורים שלך.",השדרוג המושלם לסלון שלך - עמדות טלוויזיה ושידות מעוצבות!,"עמדות טלוויזיה ושידות משולבות בעיצוב מודרני ופונקציונלי, מעניקות לך פתרון אידיאלי לאחסון ותצוגה בסלון שלך. עשויות מחומרים איכותיים ומגוון גדול של גדלים וסגנונות. הוספו לחלל המגורים שלכם אלמנט מרהיב ושיפור הנושאים עם עמדות טלוויזיה ושידות מעוצבות","עמדות טלוויזיה, שידות, תצוגה, אחסון, עיצוב מודרני, פונקציונליות, איכותיות, גדלים, סגנונות, מרהיבות.",TV_Stands_bureau,,,,,,
11060,1,מדפים ויחידות אחסון,10965,,"מדפים ויחידות אחסון:
הסעיף של המדפים והיחידות אחסון מציע מגוון רחב של ארונות, מדפים, ושולחנות אחסון למגוון השימושים. תוכל למצוא מדפים תלויים, מדפים עם דלתות, מדפים פתוחים ויחידות אחסון מרובות תפקידים. יחידות האחסון והמדפים המתאימים יעזרו לך לארגן את החפצים שלך בצורה מסודרת ויעילה.","ארגון מרהיב, אחסון יעיל","גיבוש הבית המושלם עם מדפים ויחידות אחסון המשלבות יעילות ויופי. תכנון חכם ועיצוב מודרני מבטיחים שכל פריט ימצא מקומו המושלם. ספרים, אביזרים ופריטים יקרים יסודרו בסגנון ובסדר. הוסיפו ערך ואסתטיקה לביתכם עם מדפים ויחידות אחסון איכותיות וייחודיות.","מדפים, יחידות אחסון, תכנון, עיצוב, מודרני, פריטים, ספרים, אביזרים, סדר, אסתטיקה, ערך, יעילות, יקרים, סגנון, ייחודיות",Shelving_and_Storage_Units,,,,,,
11061,1,ספריות ומזנונים,10965,,"ספריות ומזנונים:
הסעיף של הספריות והמזנונים מציע רהיטים המתאימים לאחסון ותצוגה של ספרים, חפצים ואביזרים נוספים. תוכל למצוא ספריות בגדלים שונים, מזנונים מרובי מדפים ויחידות אחסון עם מדפים ומגירות. בחירת הרהיטים המתאימים תעניק לחלל המגורים שלך או לספרייה שלך או לחדר המדגיש נוכחות ואסתטיקה.",אבן יסוד לארגון הידע - ספריות ומזנונים מעוצבים,"השלמו את חלל המגורים שלכם בסגנון ובפרקטיקות - ספריות ומזנונים מעוצבים שמשלבים יופי, איכות ותכליתיות. יחידות אחסון מרווחות ומתקדמות, עיצובים ייחודיים ואיכות בלתי מתפשרת יוצרים חווית עיצוב מרהיבה. גזירות מודרניות, איכות חומרים ופונקציות מתקדמות מבטיחות פתרונות שמתאימים לכל חלל","ספריות, מזנונים, חלל המגורים, עיצוב פנים, אחסון, יחידות אחסון, יופי, איכות, תכליתיות, עיצוב מודרני, חווית עיצוב, ייחודיות, איכות חומרים, פונקציות מתקדמות, פתרונות עיצוב, גזירות מודרניות.",Bookcases,,,,,,
11070,1,מיטות ילדים,10971,,חלומות מתוקים מתחילים עם המיטות הנוחות והבטוחות שלנו,"צרו מרחב חלומי לילדכם עם המיטות שלנו, המלאות שמחה","גלה מגוון רחב של מיטות ילדים בחנותנו. ממיטות תינוק נוחות ועד מיטות קומפקטיות לבני נוער, אנו מציעים את הפתרונות המושלמים לשינה מרגיעה ונוחה","מיטת ילדים, מיטת תינוק, מיטת נוער, מיטה עם מעלית, מיטה עם מסגרת מתכת, מיטה עם אחסון",Beds,,,,,,
11071,1,ארונות,10971,,"ארונות מרווחים, שבהם כל פריט של ילדכם מוצא את המקום שלו",אחסון מסודר ומסטיקלי עבור ילדי האופנה והסטייל שלנו,"מצא את ארונות הילדים האיכותיים והמעוצבים שלנו. עם מגוון גדול של גדלים ועיצובים, תוכל למצוא את הפתרון האידיאלי לאחסון הבגדים של הילדים בסגנון"," ארון ילדים, ארון תינוקות, ארון עם מראה, ארון עם מדפים, ארון בגודל מתכוונן, ארון עם מתלים",Wardrobes,,,,,,
11072,1,שולחן כתיבה,10971,,"צרו את הסביבה המושלמת ללמידה ולחקירה עם השולחנות שלנו, המותאמים במיוחד למוחות צעירים!""
",השרימות וההצלחה מתחילות עם השולחנות הנוחים והפונקציונליים שלנו,"קדמי ליצירתיות ולימודים עם שולחן הכתיבה המקסים שלנו. בחר בין שולחנות משולבים ופרקטיים, הכוללים אחסון נוסף ומרפסת מובנית לשימוש נוסףэ","שולחן כתיבה ילדים, שולחן כתיבה עם מדפים, שולחן כתיבה עם מדפסת, שולחן כתיבה מתכוונן, שולחן כתיבה לבני נוער",Desks,,,,,,
11073,1,כיסאות,10971,,"מגוון סגנונות וצבעים, כדי שילדכם יוכל לבחור את הכיסא המושלם לחדרו",נוחות ובטיחות הן העדיפויות שלנו לנסיכים ונסיכות קטנים,"התנוחה הנכונה מהותית לילדים במהלך לימודים ושעות שינה. גלה את כיסאות הילדים הארגונומיים והנוחים שלנו, המתאימים לשולחן הכתיבה או לפינת המחשב"," כיסא ילדים, כיסא תינוק, כיסא מתכוונן, כיסא עם גלגלים, כיסא לשולחן כתיבה, כיסא מנוחה",Chairs,,,,,,
11074,1,מזנון,10971,,"סגנון שמח, עיצוב צבעוני: מזנון לילדים המעניק לחדר האוכל שלכם מראה צעיר ומלא חיוך!
","איכות, עיצוב ונוחות: מזנון לילדים המשלב את כל התכונות שתזדקקו להן בחדר האוכל שלכם!","גש לאריזה הכי יפה בחדר הילדים עם המזנון המדהים שלנו. בחר מתוך מגוון של עיצובים וגדלים, והשתמש במזרונים נפרדים ומגירות לאחסון הבגדים והצעצועים","מזנון ילדים, מזנון עם מדפים, מזנון עם מדפה נמתחת, מזנון עם מדפי תצוגה, מזנון עם מגירות, מזנון עם דלתות",Dressers,,,,,,
11075,1,מדפים,10971,,"מדפים שגדלים יחד עם ילדכם – מקום לספרים, צעצועים וזיכרונות יקרים!",מדפים מעוצבים ופרקטיים ליצירת אלמנט דקורטיבי ייחודי בחדר הילדים!,"תצוגת ספרים, צעצועים ואביזרים במדפים המדהימים שלנו. גלה מגוון של גדלים וסגנונות, שיתאימו לצרכי האחסון והתצוגה של הילדים שלך","מדפי ילדים, מדפים תינוקות, מדפים קיר, מדפי תצוגה, מדפי ספרים, מדפים עם סלוטים",Shelves,,,,,,
11076,1,מדף לטלוויזיה או לקונסולת משחקים,10971,,"המרכז המושלם לבידור: אחסון לטלוויזיה וקונסולות משחק מותאם במיוחד שלנו!
","הנאה מקסימלית מהמשחקים והבידור עם תושבות הטלוויזיה שלנו!
",שדרג את איזור הבידור שלך עם מדף הטלוויזיה או האחסון לקונסולת המשחקים שלנו. השמור על סדר במהירות ובסטייל עם פתרונות האחסון המתאימים למכשירי המדיה שלך,"מדף לטלוויזיה או לקונסולת משחקים, מדף טלוויזיה ילדים, מדף קונסולת משחקים, מדף עם אחסון מובנה, מדף תלוי ק

יר, מדף עם מגירות, מדף עם מקום לקלטים",tv-consoles-stands,,,,,,
11077,1,ארון,10971,,"ארונות נוחים ומרווחים, שבהם כל פריטי הילדים שלך מוצאים את המקום שלהם!","צור מקום נוסף לאחסון עם הארונות המרווחים והמסודרים שלנו!
","מקסימום אחסון עם הארון המותאם אישית שלנו. צור ארון מרווח ומסודר בעיצוב, עם מגוון רחב של מדפים, מגירות ומתלים לתליית בגדים","ארון ילדים, ארון תינוקות, ארון בגודל מתכוונן, ארון עם מדפים, ארון עם מתלים, ארון עם מראה",Closets,,,,,,
11078,1,אזור משחקים,10971,,צור עולם של כיף והרפתקאות עם אזור המשחקים המיוחד שלנו,אזור משחק שבו הדמיון של הילדים הופך למציאות!,"צור אזור משחקים כייפי ומרתק עם הרהיטים והאביזרים שלנו. משולחנות משחק עד מסדרונות משטחי משחק, תעודד יצירתיות ושעות כיף לילדים","אזור משחקים ילדים, אזור משחקים עם שטיח, אזור משחקים עם שולחן, אזור משחקים עם צעצועים, אזור משחקים עם מזרנים, אזור משחקים מתקפל",Play_area,,,,,,
11079,1,מנורות,10971,,"הוסיפו זרימה וחמימות לחדר הילדים עם המנורות הקסומות
",מנורות מעוצבות ליצירת אפקט קסום בחדר הילדים,"האירו את החלל עם מבחר המנורות המרהיבות שלנו. ממנורות תקרה מהודרות עד מנורות שולחן מודרניות, תמצא את האופציה המושלמת ליצירת אווירה וסטייל בכל חלק בחדר הילדים שלך","מנורת תקרה, מנורת שולחן, מנורת קיר, מנורת לילה, מנורת עץ, מנורת תלויה",Lighting_fixtures,,,,,,
11227,1,מיטות יחיד,11070,,,,,,,,,,,,
11228,1,מיטות נוער,11070,,,,,,,,,,,,
11229,1,מיטות קומותיים וגבוהות,11070,,,,,,,,,,,,
11230,1,מיטות משולשות ומרובעות,11070,,,,,,,,,,,,
11231,1,מיטות מתכווננות לנוער,11070,,,,,,,,,,,,
11232,1,מיטות מעבר,11070,,,,,,,,,,,,
11233,1,מיטות תינוק,11070,,,,,,,,,,,,
10985,1,מיטות לחדר שינה,10966,0,,,,,Beds-for-a-bedroom,,,,,,
10986,1,מזרנים אורטופדיים,10966,0,,,,,Orthopedic-mattresses,,,,,,
10987,1,שידות לילה ,10966,0,,,,,Nightstands-next-to-the-bed,,,,,,
10988,1,שולחנות קפה / צד,10966,0,,,,,Coffee-side-tables,,,,,,
10989,1,ספסלים מעוצבים,10966,0,,,,,Designed-benches,,,,,,
10990,1,שידות לילה | קומודות,10966,0,,,,,Chests-commodes,,,,,,
10991,1,קונסולות,10966,0,,,,,consoles,,,,,,
10992,1,ארונות שירות,10966,0,,,,,Utility-cabinets,,,,,,
10993,1,הדומים מעוצבים,10966,0,,,,,The-likes-are-designed,,,,,,
10994,1,ארונות הזזה,10966,0,,,,,sliding-doors-closet,,,,,,
10995,1,סיפריות ויחידות מדפים,10966,0,,,,,Bookcases-and-shelving-units,,,,,,
11199,1,קונסולות | שידות כניסה,10967,0,קונסולות | שידות כניסה,קונסולות | שידות כניסה,,,Consoles-Entrance-chests,,,,,,
11200,1,שידות | קומודות,10967,0,שידות | קומודות,שידות | קומודות,,,Chests-commodes,,,,,,
11201,1,ספסלים מעוצבים,10967,0,ספסלים מעוצבים,ספסלים מעוצבים,,,Designed-benches,,,,,,
11202,1,סיפריות ויחידות מדפים,10967,0,סיפריות ויחידות מדפים,סיפריות ויחידות מדפים,,,Bookcases-and-shelving-units,,,,,,
11203,1,ארונות שירות,10967,0,ארונות שירות,ארונות שירות,,,Utility-cabinets,,,,,,
11204,1,הדומים מעוצבים,10967,0,הדומים מעוצבים,הדומים מעוצבים,,,Footrests,,,,,,
10997,1,שולחנות | פינות אוכל מעוצבות,10968,0,שולחנות | פינות אוכל מעוצבות: גלו את מגוון השולחנות והפינות האוכל המעוצבות שלנו המתאימות לכל סגנון ועיצוב בית. תיהנו מחווית אכילה מרהיבה ואיכותית בפינת האוכל שלכם.,,,,Tables-Decorated-dining-areas,,,,,,
10998,1,כיסאות מעוצבים,10968,0,"
כיסאות מעוצבים: הוסיפו אישיות וסגנון לביתכם עם כיסאות המעוצבים שלנו. תיהנו מנוחות מרבית ומראה מודרני וייחודי בכל פינה בבית.",,,,Designer-chairs,,,,,,
10999,1,שולחנות בר,10968,0,"
שולחנות בר: יצרו אווירה מיוחדת בביתכם עם שולחנות בר איכותיים ומעוצבים. השתמשו בהם בחדר המשפחה או בפינת הבר שלכם לקבלת אורחים וליהנות מערבים מהנים ומקסימים.",,,,Bar-tables,,,,,,
11000,1,כיסאות בר,10968,0,"
כיסאות בר: השלימו את המראה המודרני והמרהיב של פינת הבר בביתכם עם כיסאות בר מעוצבים. תיהנו מנוחות גבוהה ומראה מושלם המשלב סגנון ופונקציונליות.",,,,Bar-chairs,,,,,,
11001,1,ספסלים,10968,0,"
ספסלים: הוסיפו יופי ונוחות לכניסה לביתכם עם ספסלים מעוצבים. תיהנו ממראה ייחודי ופרקטי שמשלב ישיבה ואחסון נוסף בכניסה או בחללי הבית שלכם.",,,,Benches,,,,,,
11002,1,ארונות אמבטיה,10969,0,ארונות אמבטיה,ארונות אמבטיה,,,Bathroom-closets,,,,,,
11003,1,ארונות שירות,10969,0,ארונות שירות,ארונות שירות,,,Utility-cabinets,,,,,,
11004,1,ספסלים מעוצבים,10969,0,ספסלים מעוצבים,ספסלים מעוצבים,,,Designed-benches,,,,,,
11005,1,כיורים מעוצבים,10969,0,כיורים מעוצבים,כיורים מעוצבים,,,Designed-sinks,,,,,,
11006,1,שולחנות עבודה,10970,0,,,,,Desks,,,,,,
11007,1,כורסאות המתנה למשרד,10970,0,,,,,Waiting-armchairs,,,,,,
11008,1,כסאות משרד,10970,0,,,,,Office-chairs,,,,,,
11009,1,כסאות מחשב,10970,0,,,,,Computer-chairs,,,,,,
11010,1,סיפריות ויחידות מדפים,10970,0,,,,,Bookcases,,,,,,
11011,1,שידות / קומודות,10970,0,,,,,commodes,,,,,,
11015,1,כסאות גן,10972,,כסאות גן,כסאות גן,,,Garden-chairs,,,,,,
11016,1,שולחנות גן,10972,,שולחנות גן,שולחנות גן,,,Garden-tables,,,,,,
11017,1,מערכות ישיבה לגן,10972,,מערכות ישיבה לגן,מערכות ישיבה לגן,,,Garden-seating-systems,,,,,,
11018,1,פתרונות אירוח,10973,,,,,,guest-furniture,,,,,,
11024,1,מיטות ילדים,10971,,מיטות ילדים,מיטות ילדים,,,Childrens-beds,,,,,,
11025,1,מיטות נוער,10971,,מיטות נוער,מיטות נוער,,,Youth-beds,,,,,,
11026,1,שידות החתלה,10971,,שידות החתלה,שידות החתלה,,,Changing-tables,,,,,,
11027,1,כסאות מחשב אורטופדיים,10971,,כסאות מחשב אורטופדיים,כסאות מחשב אורטופדיים,,,Orthopedic-computer-chairs,,,,,,
11081,1,כסאות וספות לגינה,11237,0,"כסאות וכסאות גינה:

בקטגוריה זו תמצא מבחר רחב של כסאות וכסאות גינה, מיוחדים לשימוש במרחבים פתוחים כמו גנים ומרפסות. הם עשויים מחומרים שונים כגון עץ, מתכת, רוטן או פלסטיק ומספקים מושב נוח לנוחות מרבית במהלך השהייה באוויר הפתוח.","כסאות וספות: כולל כסאות גינה, ספות, אוהלים ושזלונגים.","
מצא כסאות וספות לגינה איכותיות לנוחות מרבית בחצר שלך. קנה עכשיו במחירים משתלמים.",,Chairs_and_Sofas,,,,,,
11082,1,שולחנות ושולחנות צד,11237,0,"שולחנות ושולחנות צד:

בקטגוריה זו תמצא מגוון שולחנות ושולחנות צד המתאימים באופן מושלם לשימוש במרחבים פתוחים. הם יכולים להיות מעגליים, מלבניים, מתקפלים או עם מבנה קבוע ומציעים שטח עבודה או אוכל נוח ועמיד לגינה או לחצר שלך.","שולחנות ושולחנות צד: כולל שולחנות גינה, שולחנות אוכל, שולחנות צד, תחנות ברביקיו ועוד.","
רכש שולחנות ושולחנות צד איכותיים לשימוש בחצר ובמרפסת. מבחר רחב ומחירים משתלמים.",,Tables_and_Side_Tables,,,,,,
11083,1,מזרנים ומיטות שיזוף,11237,0,"שזלונגים:

שזלונגים הם מזרנים נוחים המאפשרים לך להירגע וליהנות מקרני השמש בגינה או במרפסת שלך. הם בדרך כלל מגיעים עם גבהים ותמיכות מתכווננות כדי שתוכל למצוא את המיקום הכי נוח לשטח המנוחה.","מזרנים ומיטות שיזוף: כולל מזרנים גינה, ערסלים, כיסאות ג'קוזי ומיטות שיזוף.","
נפילת גשם ושיזוף? תחזור לשגרה עם מזרנים ומיטות שיזוף איכותיות למרפסת ולגינה. התפנק עכשיו!",,Hammocks_and_Sunbeds,,,,,,
11084,1,מגרשי משחק ומתקנים,11237,0,"גן משחקים ילדים:

בקטגוריה זו תמצא מגוון גן משחקים וציוד הוגן ילדים, מיועדים במיוחד לילדים. הם כוללים מגלשות, נדנדות, סוסות ואלמנטים נוספים שיעזרו לילדים לבלות בצורה פעילה ומהנה בחוץ.","מגרשי משחק ומתקנים: כולל מגרשי משחק לילדים, טרמפולינות, סלים, שזלונגים ועוד.","
השאר את הילדים שלך שמחים ומסופקים עם מגרשי משחק ומתקנים איכותיים לגינה. רכש עכשיו במחירים משתלמים.",,Playgrounds_and_Equipment,,,,,,
11085,1,פרגולות ומסכים,11237,0,"פרגולות ומסכים:

פרגולות ומסכים מספקים מקום מוגן מהשמש ומיועדים ליצירת אזור מנוחה נעים באוויר הפתוח. פרגולות הם מבנים דמוי פרגולה או דקת גג, שמייצרים אזור צלול ונעים, ומסכים הם מבנים ניידים להגנה מהשמש, שניתן להעביר ולהתקין במקום הרצוי.","פרגולות ומסכים: כולל פרגולות, מרפסות, גוררים, מסכים וצליליות.","
צולל לצל נעים ומרענן עם פרגולות ומסכים לחצר. מבחר רחב של פרגולות איכותיות לבחירתך.",,Pergolas_and_Screens,,,,,,
11086,1,תחנות ברביקיו ומטבח חיצוני,11237,0,"מדשאות ומטבח חיצוני:

בקטגוריה זו תמצא מגוון רחב של מדשאות ומטבחים חיצוניים לבישול באוויר הפתוח. הם כוללים מדשאות גז, מדשאות פחם, מדשאות חשמליות וסוגים נוספים שמאפשרים לך לבשל אוכל טרי וטעים בגינה או במרפסת.","תחנות ברביקיו ומטבח חיצוני: כולל קמיני ברביקיו, מנגלים, תחנות גריל ומטבחים חיצוניים.","
העבר את הבישול לחוץ עם תחנות ברביקיו ומטבח חיצוני. תהנה מארוחות טעימות בחצר בעזרת הציוד המתאים.",,BBQ_Stations_and_Outdoor_Kitchens,,,,,,
11087,1,כלי גינה ואביזרים,11237,0,"ציוד גינה ואביזרים:

בקטגוריה זו תמצא מגוון כלי עבודה, אביזרים וציוד גינה שנדרשים לטיפוח ושדרוג הגינה שלך. זה יכול לכלול כלי עבודה לגינה, ציוד השקייה, עציצים, פסלי גינה ואביזרים נוספים שיעזרו לך ליצור גינה מטופחת ומושכת.","כלי גינה ואביזרים: כולל דשא מלא, עציצים, כלי גינה, פנסים גינה וכלי עבודה.","
צייד את עצמך בכלי גינה ואביזרים איכותיים לתחזוקה וליפוי הגינה שלך. קנה עכשיו באיכות מעולה.",,Garden_Tools_and_Accessories,,,,,,
11019,1,תאורת תלייה,11235,0,"תאורת תלייה: תאורת תלייה היא סוג של מנורה התלויה מהתקרה ומספקת תאורה תלויה בעיצוב מיוחד. היא יכולה להיות מרכז תשומת הלב בחלל, משמשת כמקור תאורה עיקרי ויכולה להפוך לאלמנט דקורטיבי במערכת התאורה.",,,"light,lamp,hanging lamp",hanging_lamps,,,,,,
11020,1,מנורת רצפה,11235,0,"מנורת רצפה: מנורת רצפה היא מנורה עומדת המונחת על מגש קירור ומשמשת כמקור תאורה עיקרי בחלל. היא ניידת וניתנת להתכוונות, מאפשרת תאורה כללית או תאורה ממוקדת באזור מסוים.",,,,standing_lamps,,,,,,
11021,1,מנורת שולחן,11235,0,מנורת שולחן: מנורת שולחן היא מנורה שמונחת על שולחן או על פינת עבודה ומספקת תאורה ממוקדת באזור הקרוב אליה. היא משמשת בדרך כלל כתאורה עבודתית או כתאורה נוספת בחלל.,,,,table_lamps,,,,,,
11022,1,מנורות קיר,11235,0,"מנורות קיר: מנורות קיר הן מנורות המותקנות על קירות החלל ומספקות תאורה יעילה וממוקדת. הן יכולות להיות בצורת ברוגזים, פסים או מנורות עם יחידות תאורה מובנות. מנורות הקיר משמשות ליצירת אווירה, תאורה עיקרית או תאורה עיצובית בחלל.",,,,wall_light,,,,,,
11023,1,תאורת חיצונית,11235,0,"תאורת חיצונית: תאורת חיצונית מתייחסת למערכות תאורה המותקנות בחצרות, גינות ומרפסות חיצוניות. היא מאירה ומבליטה את החלל החיצוני, יכולה לשרת כתאורה אבטחתית וליצירת אווירה נעימה בחוץ.",,,,outdoor_lighting,,,,,,
11174,1,שטיחים למטבח,11039,0,"שטיחים למטבח:
תן למטבח שלך מראה מודרני ונעים עם שטיחים יפים מיוחדים למטבח. עיצובים מרהיבים וחומרים עמידים יספקו לך לא רק מראה אסתטי, אלא גם פונקציונאליות. יצרו אווירה נעימה ומוזנחת במטבח שלכם עם שטיחים למטבח.",שטיחים למטבח: מראה מודרני ונעים עם שטיחים מיוחדים למטבח - השוואת מחירים ורכישה באתר,הענידו תפנית מודרנית ונעימה למטבח שלכם עם שטיחים מיוחדים ויפים שלנו למטבח. עיצובים מהממים וחומרים עמידים לא יספקו רק מראה אסתטי אלא גם פונקציונליות. צרו אווירה נעימה ומזמינה במטבח שלכם עם שטיחים למטבח.,"שטיחים למטבח,מטבח, שטיחים, עיצוב מטבח, קייטרינג, ניקיון, עמידות, אקולוגי, קל לניקוי, עמיד בשומנים, עמיד בלטים, מראה מודרני, נעימות",Carpets_for_the_kitchen,,,,,,
11175,1,שטיחים לסלון,11039,0,"שטיחים לסלון:
הוסף חמימות ונוחות לסלון שלך עם השטיחים המגוונים שלנו. בחר מבין עיצובים, צבעים ומרקמים שונים כדי להדגיש את העיצוב הפנימי וליצור מרחב ייחודי למנוחה ולפנאי. השטיחים שלנו מתאימים לשימוש רב זמן ועמידים בפני שחיקה, מה שיאפשר לך ליהנות מהם לאורך שנים.",שטיחים לסלון: חמימות ונוחות לסלון עם שטיחים מגוונים - השוואת מחירים והזמנה באתר,"הוסיפו חום ונוחות לחלל הסלון שלכם עם מגוון השטיחים שלנו. בחרו מתוך עיצובים שונים, צבעים ומרקמים כדי להדגיש את עיצוב הפנים שלכם וליצור מרחב ייחודי לשקט ונינוחות. השטיחים שלנו מתאימים לשימוש ארוך טווח ועמידים בפני שחיקה, מאפשרים לכם להנות מהם לשנים רבות.","שטיחים לסלון,סלון, שטיחים, עיצוב סלון, נוחות, איכותי, עמיד, גודלים שונים, צבעוני, מודרני, קלאסי, טקסטורות, אקולוגי, עמיד בשטיפה, ניתן לניקוי יבש",Carpets_for_the_living_room,,,,,,
11176,1,שטיחים לחדר שינה,11039,0,"שטיחים לחדר השינה:
צור אווירה נעימה ומרגיעה בחדר השינה שלך עם השטיחים הרכים והנוחים שלנו. באמצעות צבעים עדינים וחומרים נעימים למגע, השטיחים שלנו יעזרו לך ליצור מקום מושלם לנוחות ולהירגעות. הוסף פריט מושלם שישדרג את העיצוב של חדר השינה שלך עם השטיחים שלנו.",שטיחים לחדר השינה: נוחות ואווירה מרגיעה עם שטיחים רכים ונעימים - השוואת מחירים ורכישה באתר,"צרו אווירה מרגיעה ושקטה בחדר השינה שלכם עם השטיחים הרכים והנוחים שלנו. בצבעים עדינים וחומרים נעימים, השטיחים שלנו יעזרו לכם ליצור מקום מושלם לנוחות והתרפות. הוסיפו פריט מושלם לשדרוג עיצוב החדר שינה שלכם עם השטיחים","שטיחים לחדר שינה,חדר שינה, שטיחים, עיצוב חדר שינה, ניחוחות, נוחות, רכות, רומנטי, מודרני, קלאסי, צבעוני, עמיד, איכותי, אקולוגי, חמימות, נעימות",Bedroom_carpets,,,,,,
11177,1,שטיחים לחדר ילדים,11039,0,"שטיחים לחדר הילדים:
הוסף חמימות ושמחה לחדר הילדים עם השטיחים הצבעוניים והמהנים שלנו. בעזרת צבעים עשירים, דוגמאות מעניינות וחומרים רכים למגע, השטיחים שלנו יעזרו ליצור מרחב בטוח ונעים למשחקים וליצירה. בחר מתוך מגוון עיצובים כדי להתאים לסגנון ולהעדפות הילד שלך.",שטיחים לחדר הילדים: שמחה וצבעים בחדר הילדים עם שטיחים מהנים - השוואת מחירים והזמנה באתר,"הוסיפו חום ושמחה לחדר הילדים עם השטיחים הצב עוניים והמהנים שלנו. בצבעים חיותיים, דפוסים מעניינים וחומרים רכים למגע, השטיחים שלנו יעזרו לכם ליצור מרחב בטוח ונעים למשחק ויצירתיות. בחרו מתוך מגוון עיצובים כדי להתאים לסגנון והעדפות הילדים שלכם.","שטיחים לחדר ילדים,חדר ילדים, שטיחים, עיצוב חדר ילדים, ילדים, צבעוני, כיף, עמיד, רכות, מותאם לילדים, מרגש, פעילות, יצירה, נוחות, אקולוגי, בטוח, ניתן לניקוי",Carpets_for_childrens_room,,,,,,
11178,1,שטיחים למשרד,11039,0,"שטיחים למשרד:
תוסיף סגנון ופונקציונליות למרחב העבודה שלך עם השטיחים המעוצבים שלנו למשרד. חומרים עמידים ומרקמים נוחים מבטיחים נוחות ושלמות גם במשך שעות ארוכות של עבודה. השטיחים למשרד שלנו מיוצרים כדי לתת מראה מקצועי ולשמר על אווירה מקצועית במרחב העבודה שלך.",שטיחים למשרד: סטייל ונוחות למקום העבודה עם שטיחים מעוצבים - השוואת מחירים ורכישה באתר,הוסיפו סגנון ופונקציונליות למקום העבודה שלכם עם השטיחים המעוצבים שלנו למשרד. חומרים עמידים ומרקמים נוחים מבטיחים נוחות ושלמות גם בשעות ארוכות של עבודה. השטיחים שלנו מיועדים ליצירת מראה מקצועי ולשמירה על אווירה מקצועית במקום העבודה שלכם.,"שטיחים למשרד,משרד, שטיחים, עיצוב משרד, מרכז עיסקי, יעילות, נוחות, פונקציונליות, איכותי, מקצועי, קל לניקוי, עמיד, אקולוגי, מראה מקצועי, תחזוקה קלה, עמיד בשטיפה",Carpets_for_the_office,,,,,,
11179,1,שטיחים לפינת אוכל,11039,0,"שטיחי שולחן ומגשי תחתית:
הגן על הרצפה שלך והוסף סטייל לשולחן שלך עם השטיחים ומגשי התחתית שלנו. עם עיצובים מרהיבים וחומרים עמידים, השטיחים ומגשי התחתית שלנו יספקו לך שטח איכותי ופונקציונלי למזון, לקישוט ולהגנה מפגיעות. תתחיל את הארוחות שלך בסגנון ובשלמות עם השטיחים ומגשי התחתית שלנו.",שטיחי שולחן ומגשי תחתית: הגנה וסטייל לשולחן עם שטיחים ומגשי תחתית - השוואת מחירים והזמנה באתר,"הגנו על הרצפה שלכם והוסיפו סטייל לשולחן עם השטיחים וריצועות השולחן שלנו. עם עיצובים מרהיבים וחומרים עמידים, השטיחים וריצועות השולחן שלנו יעניקו לכם משטח איכותי ופונקציונלי לאוכל, קישוט והגנה. התחילו את הארוחות שלכם בסטייל ושלמות עם השטיחים וריצועות השולחן","שטיחים לפינת אוכל,פינת אוכל, שטיחים, עיצוב פינת אוכל, קומפקטיות, נוחות, עמיד, קל לניקוי, ניתן לשטיפה במכונה, סגנון, צבעוני, איכותי, אקולוגי, מראה אוכל, עמידות",Dining_area_rugs,,,,,,
11180,1,שטיחי חוץ,11039,0,"שטיחים חיצוניים ומגרשים:
גש לבית בברכה! השטיחים החיצוניים והמגרשים שלנו יעזרו לך ליצור מרפסת או חצר מקסימה ומותאמת אישית. עם חומרים עמידים למזג האוויר ועמידים בפני שמש וגשם, השטיחים והמגרשים שלנו יחזיקו במראה נהדר ויציבות לאורך זמן. עצב את המרחב החיצוני שלך בסטייל עם השטיחים והמגרשים שלנו.",שטיחים חיצוניים ומגרשים: עיצוב ואיכות למרפסת או החצר - השוואת מחירים ורכישה באתר,"שדרג ו את החלל החיצוני שלכם עם השטיחים החיצוניים והמדרסים שלנו. מעוצבים עם חומרים עמידים למזג האוויר ועמידים בפני שמש וגשם, השטיחים החיצוניים והמדרסים שלנו ישמרו מראה נהדר ויציבות עם הזמן. תכננו את האזור החיצוני שלכם בסטייל באמצעות השטיחים והמדרסים","שטיחים חיצוניים,חיצוני, שטיחים, עיצוב חיצוני, מרפסת, גינה, גינון, חוץ, עמיד במזג האוויר, עמיד בשמש, עמיד בגשם, קל לניקוי, איכותי, אקולוגי, יציבות, חומרים עמידים, עמידות בפני קרני UV",outdoor_rugs,,,,,,
11169,1,מזרנים אורטופדיים,11040,0,,,,,Orthopedic_mattresses,,,,,,
11170,1,מזרני ילדים ונוער,11040,0,,,,,Children_and_youth_mattresses,,,,,,
11171,1,מזרנים למתכווננות,11040,0,,,,,Adjustable_mattresses,,,,,,
11172,1,מזרנים לתינוקות,11040,0,,,,,Mattresses_for_babies,,,,,,
11182,1,טקסטיל למטבח,11041,0,,,,,Textiles_for_the_kitchen,,,,,,
11183,1,טקסטיל לסלון,11041,0,,,,,Textiles_for_the_living_room,,,,,,
11184,1,טקסטיל לחדר שינה,11041,0,,,,,Bedroom_textiles,,,,,,
11185,1,טקסטיל לחדר ילדים,11041,0,,,,,Textiles_for_childrens_room,,,,,,
11186,1,טקסטיל למשרד,11041,0,,,,,Office_textiles,,,,,,
11187,1,שטיחים ומפות לחדר האוכל,11041,0,,,,,Dining_Room_Mats_and_Table_Runners,,,,,,
11188,1,מחצלות וכיסויים חיצוניים,11041,0,,,,,Outdoor_Mats_and_Decking,,,,,,
11239,1,מקלחת וחדר רחצה,11041,,,,,,,,,,,,
11240,1,מגבות,11239,,,,,,,,,,,,
11241,1,מגבות ידיים,11240,,מגבות ידיים,,,,,,,,,,
11242,1,מגבות רחצה,11240,,מגבות רחצה,,,,,,,,,,
11243,1,מגבות חוף,11240,,מגבות חוף,,,,,,,,,,
11244,1,מגבות ספורט,11240,,מגבות ספורט,,,,,,,,,,
11208,1,כריות דקורטיביות וכיסויי כריות,11042,0,"כריות דקורטיביות וכיסויי כריות: מבחר כריות דקורטיביות וכיסויי כריות בסגנונות שונים, כדי להוסיף נוחות וסטייל לבית שלך.",,,,decorative_pillows,,,,,,
11209,1,מראות,11042,0,"מראות: מבחר מראות בגדלים וצורות שונות, המסייעות לקשט את הקירות וליצור תחושת מרחב.",,,,mirrors,,,,,,
11210,1,צנצנות וכדוריות פרחים,11042,0,צנצנות וכדוריות פרחים: צנצנות וכדוריות פרחים מסוגננות שיכולות להוסיף יופי טבעי לפנים שלך.,,,,vases,,,,,,
11211,1,נרות ומנורות תאורה,11042,0,נרות ומנורות תאורה: מבחר נרות ומנורות ליצירת תאורה אטמוספרית ולהוספת נופך חמימות למרחב שלך.,,,,candles,,,,,,
11212,1,ציורים ופוסטרים,11042,0,"ציורים ופוסטרים: אמנות, תמונות ופוסטרים להוספת צבע ואישיות לקירות שלך.",,,,paintings,,,,,,
11213,1,שטיחים ומשטחי כניסה,11042,0,שטיחים ומשטחי כניסה: שטיחים פועלים ומשטחי כניסה יפים ופרקטיים המסייעים לשמור על נקיון ולהוסיף נעימות לבית שלך.,,,,rugs,,,,,,
11214,1,סלים וממדים לארגון,11042,0,סלים וממדים לארגון: פתרונות ארגון נוחים ומעוצבים המסייעים לשמור על סדר וארגון בבית שלך.,,,,baskets,,,,,,
11215,1,אביזרי מטבח,11042,0,"אביזרי מטבח: אביזרים שימושיים ומעוצבים למטבח, כולל מוצרים כמו כלי אוכל, כלי בישול ועוד.",,,,kitchen_accessories,,,,,,
11216,1,אביזרי חדר האמבטיה וטיפוח אישי,11042,0,אביזרי חדר האמבטיה וטיפוח אישי: מגוון אביזרי חדר האמבטיה וטיפוח אישי המסייעים ליצירת חוויה מושלמת ולשמירה על הבריאות והניקיון האישי שלך.,,,,bathroom_accessories,,,,,,
11217,1,"טקסטיל לבית (מצעים, מגבות, שמיכות שולחן ועוד)",11042,0,"טקסטיל לבית (מצעים, מגבות, שמיכות שולחן ועוד): מגוון רחב של טקסטיל לבית כולל מצעים, מגבות, שמיכות שולחן ועוד, המעניקים נוחות וסגנון למרחב הבית שלך.",,,,home_textiles,,,,,,
11218,1,שעונים ושעוני מעורר,11042,0,שעונים ושעוני מעורר: שעונים מעוצבים ושעוני מעורר כדי להוסיף יציבות ופונקציונליות לחלל הבית שלך.,,,,clocks,,,,,,
11219,1,מסגרות לתמונות ואלבומים,11042,0,מסגרות לתמונות ואלבומים: מסגרות מעוצבות לתמונות ואלבומים המאפשרות לתצוגה ולשמירה על זיכרונות מיוחדים.,,,,photo_frames,,,,,,
11220,1,פיגוריות דקורטיביות ופסלים,11042,0,פיגוריות דקורטיביות ופסלים: פיגוריות ופסלים דקורטיביים שיכולים להוסיף אומץ ויוקרה לפנים שלך.,,,,figurines,,,,,,
11221,1,ספלים וכוסות,11042,0,ספלים וכוסות: מבחר ספלים וכוסות ייחודיים ומעוצבים לשתייה נעימה ולהגשה בסטייל.,,,,mugs,,,,,,
11222,1,וילונות ותריסים,11042,0,"וילונות ותריסים: וילונות ותריסים המעניקים פרטיות, הגנה מהשמש ועיצוב לחללי הבית.",,,,curtains,,,,,,
11209,1,זכוכית מורנו,11206,0,,,,,murano_glass,,,,,,
11246,1,HB - מילרלים מים המלח,11245,0,,,,,,,,,,,
11288,1,"טיפוח, יופי,איפור",11245,0,,,,,,,,,,,
11247,1,טיפוח הפנים,11246,0,,,,,,,,,,,
11248,1,גוף וספא,11246,0,,,,,,,,,,,
11249,1,טיפוח השיער,11246,0,,,,,,,,,,,
11250,1,טיפוח לגבר,11246,0,,,,,,,,,,,
11251,1,ארומתרפי,11246,0,,,,,,,,,,,
11252,1,מארזים ומתנות,11246,0,,,,,,,,,,,
11266,1,מוצרי בוץ ים המלח,11246,0,,,,,,,,,,,
11289,1,מינרלים,11246,,,,,,,,,,,,
11265,1,מוצרי בראיות מינרילים,11248,,,,,,,,,,,,
11253,1,לחויות לפנים,11247,0,,,,,,,,,,,
11254,1,סרומים לפנים,11247,0,,,,,,,,,,,
11255,1,מסכות פנים,11247,0,,,,,,,,,,,
11256,1,מוצרי ניקוי פנים,11247,0,,,,,,,,,,,
11257,1,סדרת מולטי אקטיב חומצה היאלורונית,11247,0,,,,,,,,,,,
11258,1,סדרת מינרל פפטיד אנטי אייג'ינג,11247,0,,,,,,,,,,,
11329,, מינרל+ לחויות לפנים מינרלים ותמציות צמחים,11247,0,,,,,,,,,,,
11259,1,טיפוח כפות ידיים ורגליים,11248,,,,,,,,,,,,
11260,1,"קרמים, חמאות וסרומים לגוף",11248,,,,,,,,,,,,
11261,1,מוצרי רחצה,11248,,,,,,,,,,,,
11262,1,סבונים מוצקים,11248,,,,,,,,,,,,
11263,1,מוצרי גוף וספא,11248,,,,,,,,,,,,
11264,1,דאודורנטים,11248,,,,,,,,,,,,